OBJECTID,ID,AREA,DISTRICT,MEMBERS,LOCKED,NAME,POPULATION,IDEAL_VALU,DEVIATION,F_DEVIATIO,DISTRICT_L,DISTRICT_I,MULTIPLE_F,Shape__Area,Shape__Length
1,154,28.336536,CHI-20,2, ,Chittenden-20,8817,8574,243,0.028341,CHI-20|2.83%,0,CHI-20|2.83%|8817|2.0,73547947.4683533,51826.5653549168
2,2,381.349762,ESX-ORL,1, ,Essex-Orleans,4609,4287,322,0.075111,ESX-ORL|7.51%,0,ESX-ORL|7.51%|4609|1.0,989884128.540894,166302.666624618
3,4,57.34013,ORL-1,1, ,Orleans-1,4579,4287,292,0.068113,ORL-1|6.81%,0,ORL-1|6.81%|4579|1.0,148833384.500351,64958.9139918823
4,5,7.614507,ORL-2,1, ,Orleans-2,4455,4287,168,0.039188,ORL-2|3.92%,0,ORL-2|3.92%|4455|1.0,19764191.1439972,25809.6876232243
5,8,341.741364,ORL-LAM,2, ,Orleans-Lamoille,8891,8574,317,0.036972,ORL-LAM|3.7%,0,ORL-LAM|3.7%|8891|2.0,886996833.940071,145073.049641407
6,10,185.453262,FRA-5,2, ,Franklin-5,8728,8574,154,0.017961,FRA-5|1.8%,0,FRA-5|1.8%|8728|2.0,481370620.241028,119014.516808982
7,11,224.106888,GI-CHI,2, ,Grand Isle-Chittenden,8675,8574,101,0.01178,GI-CHI|1.18%,0,GI-CHI|1.18%|8675|2.0,581713900.696617,144984.628838037
8,13,382.181366,ESX-CAL,1, ,Essex-Caledonia,4112,4287,-175,-0.040821,ESX-CAL|-4.08%,0,ESX-CAL|-4.08%|4112|1.0,991996216.863716,192517.49871011
9,14,110.393761,ORL-3,1, ,Orleans-3,4271,4287,-16,-0.003732,ORL-3|-0.37%,0,ORL-3|-0.37%|4271|1.0,286530157.219643,82282.3529864254
10,189,156.192459,ORL-4,1, ,Orleans-4,4244,4287,-43,-0.01003,ORL-4|-1%,0,ORL-4|-1%|4244|1.0,405384139.398796,82599.2339221881
11,16,104.499916,FRA-7,1, ,Franklin-7,3994,4287,-293,-0.068346,FRA-7|-6.83%,0,FRA-7|-6.83%|3994|1.0,271230847.144958,77109.2249010523
12,18,100.692154,FRA-4,2, ,Franklin-4,8837,8574,263,0.030674,FRA-4|3.07%,0,FRA-4|3.07%|8837|2.0,261363192.889359,103031.169263249
13,159,53.831547,CHI-25,1, ,Chittenden-25,4197,4287,-90,-0.020994,CHI-25|-2.1%,0,CHI-25|-2.1%|4197|1.0,139718349.52964,50130.2169828726
14,21,114.759567,CAL-ESX,2, ,Caledonia-Essex,9080,8574,506,0.059016,CAL-ESX|5.9%,0,CAL-ESX|5.9%|9080|2.0,297848571.524666,100348.661428704
15,22,187.486282,CAL-3,2, ,Caledonia-3,8429,8574,-145,-0.016912,CAL-3|-1.69%,0,CAL-3|-1.69%|8429|2.0,486612493.588646,124619.072831876
16,23,90.184288,CAL-2,1, ,Caledonia-2,4084,4287,-203,-0.047352,CAL-2|-4.74%,0,CAL-2|-4.74%|4084|1.0,234057234.207245,67111.204798297
17,24,159.298599,LAM-2,2, ,Lamoille-2,8539,8574,-35,-0.004082,LAM-2|-0.41%,0,LAM-2|-0.41%|8539|2.0,413442904.060944,127067.190613235
18,25,79.465164,LAM-3,1, ,Lamoille-3,4525,4287,238,0.055517,LAM-3|5.55%,0,LAM-3|5.55%|4525|1.0,206245730.802628,77887.3090957738
19,26,148.630188,FRA-6,1, ,Franklin-6,4663,4287,376,0.087707,FRA-6|8.77%,0,FRA-6|8.77%|4663|1.0,385774448.602554,107822.833029354
20,27,119.817299,CAL-1,1, ,Caledonia-1,4096,4287,-191,-0.044553,CAL-1|-4.46%,0,CAL-1|-4.46%|4096|1.0,310958002.993141,104516.049526819
21,28,147.038666,CAL-WAS,1, ,Caledonia-Washington,4493,4287,206,0.048052,CAL-WAS|4.81%,0,CAL-WAS|4.81%|4493|1.0,381604977.043991,94061.4040024981
22,29,172.2005,LAM-WAS,2, ,Lamoille-Washington,8884,8574,310,0.036156,LAM-WAS|3.62%,0,LAM-WAS|3.62%|8884|2.0,446909876.747177,132153.226668363
23,30,18.278507,CHI-FRA,2, ,Chittenden-Franklin,8116,8574,-458,-0.053417,CHI-FRA|-5.34%,0,CHI-FRA|-5.34%|8116|2.0,47442613.3239975,38790.2105593522
24,31,168.165741,ORA-CAL,1, ,Orange-Caledonia,4476,4287,189,0.044087,ORA-CAL|4.41%,0,ORA-CAL|4.41%|4476|1.0,436411159.554688,104052.74841638
25,32,103.028488,WAS-6,1, ,Washington-6,4480,4287,193,0.04502,WAS-6|4.5%,0,WAS-6|4.5%|4480|1.0,267378595.481979,76454.5500887353
26,33,71.713127,WAS-5,1, ,Washington-5,4377,4287,90,0.020994,WAS-5|2.1%,0,WAS-5|2.1%|4377|1.0,186108873.622055,78952.5124375077
27,34,10.229169,WAS-4,2, ,Washington-4,8074,8574,-500,-0.058316,WAS-4|-5.83%,0,WAS-4|-5.83%|8074|2.0,26546273.7745895,27930.2623493156
28,35,135.150513,WAS-CHI,2, ,Washington-Chittenden,8595,8574,21,0.002449,WAS-CHI|0.24%,0,WAS-CHI|0.24%|8595|2.0,350751162.398712,120878.348957996
29,36,86.821877,CHI-3,2, ,Chittenden-3,8233,8574,-341,-0.039771,CHI-3|-3.98%,0,CHI-3|-3.98%|8233|2.0,225335346.188622,69035.3026112286
30,38,68.899979,LAM-1,1, ,Lamoille-1,4551,4287,264,0.061582,LAM-1|6.16%,0,LAM-1|6.16%|4551|1.0,178816569.561676,73151.3289182501
31,39,32.786201,CHI-1,1, ,Chittenden-1,4167,4287,-120,-0.027992,CHI-1|-2.8%,0,CHI-1|-2.8%|4167|1.0,85091044.4780121,39045.1316835942
32,40,4.008991,WAS-3,2, ,Washington-3,8491,8574,-83,-0.00968,WAS-3|-0.97%,0,WAS-3|-0.97%|8491|2.0,10403781.6761322,17039.1626298962
33,41,34.77235,WAS-ORA,2, ,Washington-Orange,8470,8574,-104,-0.01213,WAS-ORA|-1.21%,0,WAS-ORA|-1.21%|8470|2.0,90237692.8797531,57780.6685088915
34,43,162.281433,ORA-1,1, ,Orange-1,4207,4287,-80,-0.018661,ORA-1|-1.87%,0,ORA-1|-1.87%|4207|1.0,421126456.51696,101637.731969326
35,44,76.24247,ORA-3,1, ,Orange-3,4201,4287,-86,-0.020061,ORA-3|-2.01%,0,ORA-3|-2.01%|4201|1.0,197850847.138161,79218.4467109922
36,46,73.57476,ORA-2,1, ,Orange-2,4399,4287,112,0.026125,ORA-2|2.61%,0,ORA-2|2.61%|4399|1.0,190927432.367477,66750.0533856098
37,47,81.354118,WAS-1,2, ,Washington-1,8767,8574,193,0.02251,WAS-1|2.25%,0,WAS-1|2.25%|8767|2.0,211122771.062851,73932.9011080745
38,48,184.789795,WAS-2,2, ,Washington-2,8351,8574,-223,-0.026009,WAS-2|-2.6%,0,WAS-2|-2.6%|8351|2.0,479560192.095802,106797.038731004
39,49,37.436382,CHI-4,1, ,Chittenden-4,4614,4287,327,0.076277,CHI-4|7.63%,0,CHI-4|7.63%|4614|1.0,97159752.7540054,42768.3992800701
40,50,52.41647,CHI-5,1, ,Chittenden-5,3996,4287,-291,-0.06788,CHI-5|-6.79%,0,CHI-5|-6.79%|3996|1.0,136041635.989609,48920.7340443886
41,52,157.989639,ADD-3,2, ,Addison-3,8144,8574,-430,-0.050152,ADD-3|-5.02%,0,ADD-3|-5.02%|8144|2.0,410036619.979622,96052.7404464665
42,53,168.444305,ADD-4,2, ,Addison-4,8940,8574,366,0.042687,ADD-4|4.27%,0,ADD-4|4.27%|8940|2.0,437149386.257591,98456.0962366739
43,54,92.384811,ADD-5,1, ,Addison-5,4147,4287,-140,-0.032657,ADD-5|-3.27%,0,ADD-5|-3.27%|4147|1.0,239761492.980812,108240.350711476
44,56,37.889263,ADD-1,2, ,Addison-1,8239,8574,-335,-0.039072,ADD-1|-3.91%,0,ADD-1|-3.91%|8239|2.0,98328452.3824768,41874.5716270705
45,179,6.656983,CHI-17,1, ,Chittenden-17,4045,4287,-242,-0.05645,CHI-17|-5.64%,0,CHI-17|-5.64%|4045|1.0,17278291.2552414,26219.5165515967
46,58,150.371918,ADD-2,1, ,Addison-2,4329,4287,42,0.009797,ADD-2|0.98%,0,ADD-2|0.98%|4329|1.0,390231708.898598,123428.234388148
47,60,220.638916,ORA-WAS-ADD,2, ,Orange-Washington-Addison,8204,8574,-370,-0.043154,ORA-WAS-ADD|-4.,0,ORA-WAS-ADD|-4.32%|8204|2.0,572560194.706375,107556.81653292
48,61,85.593697,WDR-ORA-1,1, ,Windsor-Orange-1,4087,4287,-200,-0.046653,WDR-ORA-1|-4.67,0,WDR-ORA-1|-4.67%|4087|1.0,222107813.799034,64894.8748516414
49,62,186.962021,WDR-ADD,1, ,Windsor-Addison,4118,4287,-169,-0.039422,WDR-ADD|-3.94%,0,WDR-ADD|-3.94%|4118|1.0,485152836.849106,128785.309349316
50,63,173.31781,WDR-ORA-2,2, ,Windsor-Orange-2,9041,8574,467,0.054467,WDR-ORA-2|5.45%,0,WDR-ORA-2|5.45%|9041|2.0,449740655.057571,87346.3729556793
51,64,154.167908,WDR-4,1, ,Windsor-4,4489,4287,202,0.047119,WDR-4|4.71%,0,WDR-4|4.71%|4489|1.0,400035781.205746,103925.98595656
52,66,29.437643,WDR-6,2, ,Windsor-6,9008,8574,434,0.050618,WDR-6|5.06%,0,WDR-6|5.06%|9008|2.0,76384519.2490349,44753.0395899026
53,67,89.89312,WDR-1,2, ,Windsor-1,8349,8574,-225,-0.026242,WDR-1|-2.62%,0,WDR-1|-2.62%|8349|2.0,233245584.961166,68882.6314574894
54,68,134.352478,WDR-5,1, ,Windsor-5,4333,4287,46,0.01073,WDR-5|1.07%,0,WDR-5|1.07%|4333|1.0,348608012.191692,91456.28009403
55,69,178.991257,RUT-11,1, ,Rutland-11,4297,4287,10,0.002333,RUT-11|0.23%,0,RUT-11|0.23%|4297|1.0,464459239.566845,102150.930007995
56,70,40.059223,RUT-9,1, ,Rutland-9,4129,4287,-158,-0.036856,RUT-9|-3.69%,0,RUT-9|-3.69%|4129|1.0,103954075.331715,42684.4143171738
57,71,51.047264,RUT-8,1, ,Rutland-8,4625,4287,338,0.078843,RUT-8|7.88%,0,RUT-8|7.88%|4625|1.0,132461815.166397,64644.4652050392
58,72,91.948456,RUT-10,1, ,Rutland-10,3949,4287,-338,-0.078843,RUT-10|-7.88%,0,RUT-10|-7.88%|3949|1.0,238612565.287594,93228.0117883192
59,73,42.264591,RUT-3,1, ,Rutland-3,4458,4287,171,0.039888,RUT-3|3.99%,0,RUT-3|3.99%|4458|1.0,109675023.163021,42677.1585856222
60,180,0.673988,CHI-16,2, ,Chittenden-16,8044,8574,-530,-0.061815,CHI-16|-6.18%,0,CHI-16|-6.18%|8044|2.0,1749333.26215363,8190.25580052462
61,178,160.368118,ADD-RUT,1, ,Addison-Rutland,4184,4287,-103,-0.024026,ADD-RUT|-2.4%,0,ADD-RUT|-2.4%|4184|1.0,416174342.456604,103948.130151413
62,78,104.097054,RUT-2,2, ,Rutland-2,9056,8574,482,0.056216,RUT-2|5.62%,0,RUT-2|5.62%|9056|2.0,270112562.335327,130852.947148242
63,79,134.78923,RUT-WDR,1, ,Rutland-Windsor,4653,4287,366,0.085374,RUT-WDR|8.54%,0,RUT-WDR|8.54%|4653|1.0,349733190.32103,97279.1272378714
64,80,88.139153,WDR-2,1, ,Windsor-2,4463,4287,176,0.041054,WDR-2|4.11%,0,WDR-2|4.11%|4463|1.0,228692749.854324,66789.2025979309
65,81,49.546085,WDR-3,2, ,Windsor-3,9062,8574,488,0.056916,WDR-3|5.69%,0,WDR-3|5.69%|9062|2.0,128549551.66259,46354.7081020999
66,82,179.229904,BEN-RUT,1, ,Bennington-Rutland,4335,4287,48,0.011197,BEN-RUT|1.12%,0,BEN-RUT|1.12%|4335|1.0,465041673.180874,94321.5127397484
67,86,153.28067,RUT-BEN,1, ,Rutland-Bennington,4024,4287,-263,-0.061348,RUT-BEN|-6.13%,0,RUT-BEN|-6.13%|4024|1.0,397732496.294857,108388.970355458
68,88,2.513053,RUT-7,1, ,Rutland-7,4545,4287,258,0.060182,RUT-7|6.02%,0,RUT-7|6.02%|4545|1.0,6521095.03805161,12167.9979258531
69,89,2.22501,RUT-6,1, ,Rutland-6,4275,4287,-12,-0.002799,RUT-6|-0.28%,0,RUT-6|-0.28%|4275|1.0,5773558.22394562,12170.7308136016
70,90,1.931475,RUT-5,1, ,Rutland-5,4110,4287,-177,-0.041288,RUT-5|-4.13%,0,RUT-5|-4.13%|4110|1.0,5011815.60045624,9749.94925778651
71,91,8.829704,RUT-4,1, ,Rutland-4,4500,4287,213,0.049685,RUT-4|4.97%,0,RUT-4|4.97%|4500|1.0,22911909.4463806,22094.067950089
72,92,100.151413,WDH-3,2, ,Windham-3,8388,8574,-186,-0.021693,WDH-3|-2.17%,0,WDH-3|-2.17%|8388|2.0,259838605.584808,95999.2130876315
73,93,134.132324,WDR-WDH,1, ,Windsor-Windham,4479,4287,192,0.044787,WDR-WDH|4.48%,0,WDR-WDH|4.48%|4479|1.0,348011687.95985,99141.1140753273
74,182,1.209457,CHI-15,2, ,Chittenden-15,8172,8574,-402,-0.046886,CHI-15|-4.69%,0,CHI-15|-4.69%|8172|2.0,3139120.88305664,8642.90682937606
75,96,144.638214,WDH-WDR-BEN,1, ,Windham-Windsor-Bennington,4292,4287,5,0.001166,WDH-WDR-BEN|0.1,0,WDH-WDR-BEN|0.12%|4292|1.0,375272540.113386,120142.114155767
76,97,188.659439,WDH-2,1, ,Windham-2,4118,4287,-169,-0.039422,WDH-2|-3.94%,0,WDH-2|-3.94%|4118|1.0,489468255.985098,93289.3909634731
77,99,123.422302,WDH-5,1, ,Windham-5,4658,4287,371,0.086541,WDH-5|8.65%,0,WDH-5|8.65%|4658|1.0,320205158.625927,98324.8101075307
78,101,57.593269,WDH-4,1, ,Windham-4,4482,4287,195,0.045486,WDH-4|4.55%,0,WDH-4|4.55%|4482|1.0,149418056.611464,62028.7931770944
79,102,120.487595,WDH-6,1, ,Windham-6,4370,4287,83,0.019361,WDH-6|1.94%,0,WDH-6|1.94%|4370|1.0,312582571.329304,81778.8391636253
80,103,59.72493,WDH-1,1, ,Windham-1,4312,4287,25,0.005832,WDH-1|0.58%,0,WDH-1|0.58%|4312|1.0,154942041.178307,56719.6369326705
81,104,7.722675,WDH-9,1, ,Windham-9,4051,4287,-236,-0.05505,WDH-9|-5.51%,0,WDH-9|-5.51%|4051|1.0,20035036.9118137,25743.106039502
82,105,3.160746,WDH-8,1, ,Windham-8,4079,4287,-208,-0.048519,WDH-8|-4.85%,0,WDH-8|-4.85%|4079|1.0,8199926.96564102,14537.9510772835
83,106,21.720692,WDH-7,1, ,Windham-7,4054,4287,-233,-0.05435,WDH-7|-5.44%,0,WDH-7|-5.44%|4054|1.0,56350290.1731663,33237.5728828358
84,107,131.512863,BEN-4,2, ,Bennington-4,7962,8574,-612,-0.071379,BEN-4|-7.14%,0,BEN-4|-7.14%|7962|2.0,341230168.20048,82685.57509107
85,109,127.914551,BEN-3,1, ,Bennington-3,4029,4287,-258,-0.060182,BEN-3|-6.02%,0,BEN-3|-6.02%|4029|1.0,331882680.313824,84953.7924371369
86,112,33.584362,BEN-2,2, ,Bennington-2,8078,8574,-496,-0.057849,BEN-2|-5.78%,0,BEN-2|-5.78%|8078|2.0,87136416.0715609,44413.6365210437
87,119,18.637688,BEN-5,2, ,Bennington-5,8144,8574,-430,-0.050152,BEN-5|-5.02%,0,BEN-5|-5.02%|8144|2.0,48354435.9068394,34775.6819922022
88,120,181.78389,BEN-1,1, ,Bennington-1,4413,4287,126,0.029391,BEN-1|2.94%,0,BEN-1|2.94%|4413|1.0,471625280.185304,114426.907309226
89,123,32.708176,CHI-6,1, ,Chittenden-6,4261,4287,-26,-0.006065,CHI-6|-0.61%,0,CHI-6|-0.61%|4261|1.0,84892955.181572,41129.6029743593
90,124,15.900849,CHI-7,1, ,Chittenden-7,4250,4287,-37,-0.008631,CHI-7|-0.86%,0,CHI-7|-0.86%|4250|1.0,41269169.8610001,30773.3561916179
91,127,23.8088,CHI-2,2, ,Chittenden-2,9293,8574,719,0.083858,CHI-2|8.39%,0,CHI-2|8.39%|9293|2.0,61793301.8536911,44115.5709516149
92,128,1.509689,CHI-21,2, ,Chittenden-21,7997,8574,-577,-0.067296,CHI-21|-6.73%,0,CHI-21|-6.73%|7997|2.0,3918369.62200165,9261.6319982781
93,129,29.98727,CHI-19,2, ,Chittenden-19,8707,8574,133,0.015512,CHI-19|1.55%,0,CHI-19|1.55%|8707|2.0,77833710.0740891,57571.9737675245
94,131,83.37645,FRA-1,2, ,Franklin-1,8949,8574,375,0.043737,FRA-1|4.37%,0,FRA-1|4.37%|8949|2.0,216408517.768173,68732.5958050607
95,132,3.224165,FRA-8,1, ,Franklin-8,4631,4287,344,0.080243,FRA-8|8.02%,0,FRA-8|8.02%|4631|1.0,8368673.60930634,15825.4542396545
96,134,1.328311,FRA-3,1, ,Franklin-3,4622,4287,335,0.078143,FRA-3|7.81%,0,FRA-3|7.81%|4622|1.0,3447796.22746277,10455.7436638751
97,136,57.987797,FRA-2,1, ,Franklin-2,4612,4287,325,0.075811,FRA-2|7.58%,0,FRA-2|7.58%|4612|1.0,150516336.009789,77942.061684073
98,137,4.137259,CHI-22,2, ,Chittenden-22,9133,8574,559,0.065197,CHI-22|6.52%,0,CHI-22|6.52%|9133|2.0,10738016.3939819,19782.5732766071
99,138,7.75445,CHI-23,2, ,Chittenden-23,8687,8574,113,0.013179,CHI-23|1.32%,0,CHI-23|1.32%|8687|2.0,20126198.5168533,34539.5438531031
100,141,27.452671,CHI-24,1, ,Chittenden-24,4274,4287,-13,-0.003032,CHI-24|-0.3%,0,CHI-24|-0.3%|4274|1.0,71251673.5194778,43663.6756052736
101,144,2.286315,CHI-18,2, ,Chittenden-18,8315,8574,-259,-0.030208,CHI-18|-3.02%,0,CHI-18|-3.02%|8315|2.0,5934217.76398468,15997.3734539816
102,145,1.747537,CHI-11,1, ,Chittenden-11,4066,4287,-221,-0.051551,CHI-11|-5.16%,0,CHI-11|-5.16%|4066|1.0,4535662.93802643,11515.4276363644
103,146,15.957803,CHI-12,1, ,Chittenden-12,4627,4287,340,0.07931,CHI-12|7.93%,0,CHI-12|7.93%|4627|1.0,41418722.7610626,44737.6449872976
104,147,4.329388,CHI-10,1, ,Chittenden-10,4170,4287,-117,-0.027292,CHI-10|-2.73%,0,CHI-10|-2.73%|4170|1.0,11236735.6538239,21688.4432170477
105,148,2.426811,CHI-9,1, ,Chittenden-9,4009,4287,-278,-0.064847,CHI-9|-6.48%,0,CHI-9|-6.48%|4009|1.0,6298647.66655731,16048.5692715029
106,153,12.145387,CHI-8,1, ,Chittenden-8,4230,4287,-57,-0.013296,CHI-8|-1.33%,0,CHI-8|-1.33%|4230|1.0,31522266.2247925,33922.5431221749
107,183,0.525102,CHI-14,2, ,Chittenden-14,8185,8574,-389,-0.04537,CHI-14|-4.54%,0,CHI-14|-4.54%|8185|2.0,1362892.01272583,6006.89207614845
108,184,4.089659,CHI-13,2, ,Chittenden-13,7982,8574,-592,-0.069046,CHI-13|-6.9%,0,CHI-13|-6.9%|7982|2.0,10614623.1267624,15663.8515232221
109,191,74.508301,RUT-1,1, ,Rutland-1,4047,4287,-240,-0.055983,RUT-1|-5.6%,0,RUT-1|-5.6%|4047|1.0,193342484.731453,89459.9341368007
