house_id,base_population,base_pop_dev,base_pop_score,base_pp,base_compactness_score,base_Fairness,opt_population,opt_pop_dev,opt_pop_score,opt_pp,opt_compactness_score,opt_Fairness,delta_pop_score,delta_compactness_score,delta_fairness,frontier_relative_base,frontier_relative_opt
23,31766.0,0.03822281645757421,0.617771835424258,0.6775944428406138,1.0,0.7706631012545548,32719.0,0.00936889541255967,0.9531555229372016,0.6216677170820055,1.0,0.971893313762321,0.3353836875129437,0.0,0.20123021250776618,1.6476039322209362,3.739530807742106
81,31750.0,0.038707247450984736,0.6129275254901527,0.35250926403077876,0.7050185280615575,0.6497639265187147,32339.0,0.020874131506059695,0.8956293424697015,0.3648234154618736,0.7296468309237472,0.8292363378513198,0.28270181697954877,0.024628302862189644,0.17947241133260505,0.3907736098434096,2.256513132763095
75,31626.0,0.042461587649916324,0.5753841235008368,0.2312895405488447,0.4625790810976894,0.5302621065395778,31626.0,0.042461587649916324,0.7876920617504184,0.2312895405488447,0.4625790810976894,0.6576468694893267,0.2123079382495816,0.0,0.12738476294974888,-0.8515302458880014,0.47272223998654705
83,31627.0,0.042431310712828164,0.5756868928717184,0.2827771015192752,0.5655542030385504,0.5716338169384512,31627.0,0.042431310712828164,0.7878434464358592,0.2827762174400056,0.5655524348800112,0.6989270418135201,0.21215655356414087,-1.7681585392503862e-06,0.1272932248750689,-0.4214427764612043,0.901858107980487
44,31630.0,0.04234047990156369,0.5765952009843631,0.06639052201364162,0.13278104402728325,0.3990695382015311,31630.0,0.04234047990156369,0.7882976004921816,0.06639052201364162,0.13278104402728325,0.5260909779062223,0.21170239950781844,0.0,0.12702143970469115,-2.215367495547596,-0.8948920054400649
72,31665.0,0.04128078710347816,0.5871921289652184,0.10139742910608981,0.20279485821217963,0.4334332206640029,31665.0,0.04128078710347816,0.7935960644826092,0.10139742910608981,0.20279485821217963,0.5572755819744374,0.20640393551739078,0.0,0.12384236131043447,-1.8581333109325702,-0.5707065337864566
45,31678.0,0.04088718692133211,0.5911281307866789,0.24136687419906755,0.4827337483981351,0.5477703778312614,31678.0,0.04088718692133211,0.7955640653933395,0.24136687419906755,0.4827337483981351,0.6704319385952577,0.20443593460666054,0.0,0.12266156076399637,-0.6695196879178607,0.6056318529854416
26,31685.0,0.040675248361715,0.59324751638285,0.19282720568437714,0.3856544113687543,0.5102102743772117,31685.0,0.040675248361715,0.7966237581914251,0.19282720568437714,0.3856544113687543,0.6322360194623567,0.20337624180857505,0.0,0.12202574508514508,-1.059982873757063,0.20855892455395628
97,31696.0,0.040342202053745266,0.5965779794625474,0.33084091528535226,0.6616818305707045,0.6226195199058102,31696.0,0.040342202053745266,0.7982889897312737,0.33084091528535226,0.6616818305707045,0.7436461260670459,0.2017110102687263,0.0,0.12102660616123573,0.10858877782461904,1.3667438377763346
73,31713.0,0.03982749412324658,0.6017250587675342,0.2728910919667059,0.5457821839334118,0.5793479088338853,31713.0,0.03982749412324658,0.8008625293837671,0.2728910919667059,0.5457821839334118,0.698830391203625,0.19913747061623288,0.0,0.11948248236973968,-0.3412494697246429,0.9008533582172418
3,31733.0,0.03922195538148342,0.6077804461851659,0.4846580937364014,0.9693161874728028,0.7523947427002207,31733.0,0.03922195538148342,0.803890223092583,0.4846580937364014,0.9693161874728028,0.870060608844671,0.19610977690741704,0.0,0.11766586614445029,1.4576917428174994,2.68090959192429
16,31748.0,0.03876780132516105,0.6123219867483896,0.21546053735398737,0.43092107470797475,0.5397616219322237,31748.0,0.03876780132516105,0.8061609933741948,0.21546053735398737,0.43092107470797475,0.6560650259077068,0.19383900662580522,0.0,0.11630340397548311,-0.7527762302426824,0.4562778847377858
14,31749.0,0.038737524388072896,0.612624756119271,0.31124411413864045,0.6224882282772809,0.616570144982475,31749.0,0.038737524388072896,0.8063123780596355,0.31124411413864045,0.6224882282772809,0.7327827181466937,0.19368762194036448,0.0,0.11621257316421874,0.04570135240016691,1.2538112184388814
82,31751.0,0.038676970513896576,0.6132302948610342,0.18169577572470258,0.36339155144940516,0.5132947974963826,31751.0,0.038676970513896576,0.8066151474305171,0.1816996278270448,0.3633992556540896,0.6293287907199461,0.1933848525694829,7.704204684433336e-06,0.11603399322356345,-1.0279171281081034,0.17833627625604334
96,31753.0,0.038616416639720264,0.6138358336027974,0.2918867649560176,0.5837735299120352,0.6018109121264925,31753.0,0.038616416639720264,0.8069179168013987,0.2919645108560167,0.5839290217120334,0.7177223587656526,0.19308208319860132,0.0001554917999981864,0.11591144663916009,-0.10773105463619301,1.0972483934456345
74,31757.0,0.03849530889136763,0.6150469110863237,0.39259865924932313,0.7851973184986463,0.6831070740512528,31757.0,0.03849530889136763,0.8075234555431618,0.39259865924932313,0.7851973184986463,0.7985930007253557,0.19247654445683815,0.0,0.11548592667410285,0.7373986298567032,1.9379545043613786
43,31757.0,0.03849530889136763,0.6150469110863237,0.21644456115213492,0.43288912230426985,0.5421837955735022,31757.0,0.03849530889136763,0.8075234555431618,0.21644456115213492,0.43288912230426985,0.657669722247605,0.19247654445683815,0.0,0.11548592667410285,-0.7275960643310954,0.47295981017358
17,31759.0,0.03843475501719131,0.6156524498280869,0.352893358949056,0.705786717898112,0.6517061570560969,31759.0,0.03843475501719131,0.8078262249140434,0.352893358949056,0.705786717898112,0.7670104221076708,0.19217377508595657,0.0,0.11530426505157387,0.4109644361063938,1.6096318127275593
64,31763.0,0.03831364726883868,0.6168635273116132,0.21406624444122396,0.4281324888824479,0.5413711119399471,31763.0,0.03831364726883868,0.8084317636558066,0.21409303167131372,0.42818606334262743,0.6563334835305349,0.1915682363441934,5.357446017950629e-05,0.11496237159058775,-0.7360444713229845,0.45906868691969477
21,31772.0,0.038041154835045256,0.6195884516495475,0.22760761178921907,0.45521522357843813,0.5538391604211037,31772.0,0.038041154835045256,0.8097942258247737,0.22760761178921907,0.45521522357843813,0.6679626249262395,0.19020577417522622,0.0,0.11412346450513577,-0.6064305064118968,0.5799616339664575
49,31777.0,0.03788977014960447,0.6211022985039554,0.2652155863589109,0.5304311727178218,0.5848338481895019,31777.0,0.03788977014960447,0.8105511492519777,0.2652155863589109,0.5304311727178218,0.6985031586383152,0.1894488507480223,0.0,0.11366931044881334,-0.28421934570660695,0.8974515499629728
95,31778.0,0.03785949321251631,0.6214050678748368,0.3390357971575796,0.6780715943151592,0.6440716784509658,31778.0,0.03785949321251631,0.8107025339374184,0.33904717463581074,0.6780943492716215,0.7576592600710996,0.18929746606258158,2.275495646231196e-05,0.11358758162013383,0.33159876444290654,1.5124200325586072
52,31781.0,0.03776866240125184,0.6223133759874817,0.3716442719719198,0.7432885439438396,0.6707034431700248,31781.0,0.03776866240125184,0.8111566879937409,0.3716442719719198,0.7432885439438396,0.7840094303737803,0.18884331200625915,0.0,0.11330598720375551,0.6084543303346635,1.7863482302372249
18,31784.0,0.037677831589987366,0.6232216841001263,0.2146996431501713,0.4293992863003426,0.5456927249802128,31784.0,0.037677831589987366,0.8116108420500632,0.2146996431501713,0.4293992863003426,0.6587262197501749,0.18838915794993683,0.0,0.11303349476996205,-0.6911183225510369,0.4839428305262599
20,31787.0,0.03758700077872289,0.6241299922127712,0.23050880300996276,0.46101760601992553,0.5588850377356329,31787.0,0.03758700077872289,0.8120649961063856,0.23050880300996276,0.46101760601992553,0.6716460400718016,0.1879350038936144,0.0,0.1127610023361687,-0.5539751308830414,0.6182532753689919
69,31800.0,0.03719340059657684,0.6280659940342317,0.4942526832076882,0.9885053664153765,0.7722417429866896,31800.0,0.03719340059657684,0.8140329970171158,0.4942526832076882,0.9885053664153765,0.8838219447764201,0.18596700298288416,0.0,0.1115802017897305,1.664015002035537,2.823968172044758
12,31807.0,0.036981462036959734,0.6301853796304027,0.14046070255700335,0.2809214051140067,0.49047978982384427,31807.0,0.036981462036959734,0.8150926898152013,0.14046070255700335,0.2809214051140067,0.6014241759347234,0.18490731018479867,0.0,0.11094438611087915,-1.2650948715523822,-0.11175144413544508
86,31811.0,0.0368603542886071,0.631396457113929,0.46495892265723865,0.9299178453144773,0.7508050123941483,31811.0,0.0368603542886071,0.8156982285569645,0.46495892265723865,0.9299178453144773,0.8613860752599696,0.1843017714430355,0.0,0.11058106286582126,1.4411653996274831,2.5907318312774015
11,31818.0,0.03664841572898999,0.6335158427101002,0.4417662443584824,0.8835324887169648,0.7335225011128461,31818.0,0.03664841572898999,0.8167579213550501,0.4417662443584824,0.8835324887169648,0.843467748299816,0.1832420786449499,0.0,0.10994524718696985,1.261501772703377,2.404458461761011
15,31826.0,0.036406200232284726,0.6359379976771528,0.3809210049255181,0.7618420098510362,0.6862996025467062,31826.0,0.036406200232284726,0.8179689988385763,0.3809210049255181,0.7618420098510362,0.7955182032435604,0.18203100116142357,0.0,0.10921860069685418,0.7705871658984685,1.9059898634220658
46,31831.0,0.03625481554684394,0.6374518445315607,0.2436969662716715,0.487393932543343,0.5774286797362737,31831.0,0.03625481554684394,0.8187259222657803,0.2436969662716715,0.487393932543343,0.6861931263768054,0.18127407773421966,0.0,0.10876444664053175,-0.36120118015391617,0.7694802726609066
36,31835.0,0.03613370779849131,0.638662922015087,0.21840837225740956,0.4368167445148191,0.5579244510149799,31835.0,0.03613370779849131,0.8193314610075435,0.21840837225740956,0.4368167445148191,0.6663255744104537,0.1806685389924565,0.0,0.10840112339547381,-0.5639610924946719,0.5629433645531313
22,31838.0,0.036042876987226836,0.6395712301277316,0.29543881983218345,0.5908776396643669,0.6200937939423858,31838.0,0.036042876987226836,0.8197856150638658,0.29543881983218345,0.5908776396643669,0.7282224249040663,0.18021438493613418,0.0,0.10812863096168046,0.0823321140898673,1.206403824312407
87,31844.0,0.035861215364697885,0.6413878463530212,0.3818840997969191,0.7637681995938382,0.690339987649348,31844.0,0.035861215364697885,0.8206939231765106,0.3818840997969191,0.7637681995938382,0.7979236337434417,0.17930607682348942,0.0,0.10758364609409365,0.8125897562567408,1.9309959728287522
53,31862.0,0.035316230497111044,0.6468376950288897,0.31541871017813866,0.6308374203562773,0.6404375851598447,31862.0,0.035316230497111044,0.8234188475144448,0.31541871017813866,0.6308374203562773,0.7463862766511777,0.17658115248555517,0.0,0.10594869149133301,0.29381985774143915,1.3952295933618637
28,31865.0,0.03522539968584657,0.6477460031415343,0.48478966075908503,0.9695793215181701,0.7764793304921886,31865.0,0.03522539968584657,0.8238730015707671,0.48478966075908503,0.9695793215181701,0.8821555295497283,0.17612699842923285,0.0,0.10567619905753967,1.7080676474094723,2.8066446362046333
99,31871.0,0.03504373806331762,0.6495626193668238,0.4972802302279304,0.9945604604558608,0.7875617558024386,31871.0,0.03504373806331762,0.8247813096834119,0.4972802302279304,0.9945604604558608,0.8926929699923914,0.1752186903165881,0.0,0.10513121418995286,1.8232771036017086,2.9161885987463414
91,31873.0,0.03498318418914131,0.650168158108587,0.39106885852237183,0.7821377170447437,0.7029559816830496,31873.0,0.03498318418914131,0.8250840790542935,0.3910825297650847,0.7821650595301693,0.8079164712446438,0.17491592094570652,2.7342485425685403e-05,0.1049604895615942,0.9437417172451863,2.034878412105478
62,31873.0,0.03498318418914131,0.650168158108587,0.5947908744506859,1.0,0.7901008948651522,31873.0,0.03498318418914131,0.8250840790542935,0.5947908744506859,1.0,0.8950504474325761,0.17491592094570652,0.0,0.10494955256742389,1.8496732057564547,2.940696203017578
7,31874.0,0.03495290725205315,0.6504709274794686,0.19610600551712837,0.39221201103425674,0.5471673609013838,31874.0,0.03495290725205315,0.8252354637397343,0.19610600551712837,0.39221201103425674,0.6520260826575432,0.17476453626026578,0.0,0.1048587217561594,-0.6757884648886964,0.4142902834306719
29,31878.0,0.034831799503700515,0.6516820049629949,0.37327268299049937,0.7465453659809987,0.6896273493701964,31878.0,0.034831799503700515,0.8258410024814975,0.37327268299049937,0.7465453659809987,0.794122747881298,0.1741589975185026,0.0,0.10449539851110157,0.8051813897390897,1.8914831422914395
19,31882.0,0.03471069175534788,0.6528930824465211,0.27262842238324414,0.5452568447664883,0.609838587374508,31882.0,0.03471069175534788,0.8264465412232606,0.27262842238324414,0.5452568447664883,0.7139706626405516,0.17355345877673944,0.0,0.10413207526604362,-0.024277832627437223,1.0582469241578931
33,31886.0,0.03458958400699525,0.6541041599300474,0.5151540018234922,1.0,0.7924624959580284,31886.0,0.03458958400699525,0.8270520799650237,0.5151540018234922,1.0,0.8962312479790142,0.17294792003497628,0.0,0.10376875202098579,1.8742236782420771,2.952971439260389
13,31893.0,0.03437764544737815,0.6562235455262185,0.6330303696848126,1.0,0.7937341273157311,31893.0,0.03437764544737815,0.8281117727631093,0.6330303696848126,1.0,0.8968670636578656,0.1718882272368908,0.0,0.1031329363421345,1.8874431634266446,2.9595811818526734
37,31898.0,0.034226260761937355,0.6577373923806265,0.3706073382782545,0.741214676556509,0.6911283060509794,31898.0,0.034226260761937355,0.8288686961903132,0.3706073382782545,0.741214676556509,0.7938070883367916,0.17113130380968677,0.0,0.10267878228581218,0.8207848698546901,1.8882016435719455
59,31903.0,0.03407487607649656,0.6592512392350344,0.3163437770261,0.6326875540522,0.6486257651619006,31903.0,0.03407487607649656,0.8296256196175171,0.3163437770261,0.6326875540522,0.7508503933913903,0.17037438038248276,0.0,0.10222462822948963,0.3789416373909272,1.4416371663994072
50,31906.0,0.03398404526523209,0.6601595473476791,0.14659901291425884,0.29319802582851767,0.5133749387400145,31906.0,0.03398404526523209,0.8300797736738396,0.14659901291425884,0.29319802582851767,0.6153270745357108,0.16992022632616044,0.0,0.10195213579569629,-1.027084004595973,0.0327787775872433
41,31911.0,0.033832660579791306,0.6616733942020869,0.11915869334252537,0.23831738668505073,0.49233099119527246,31911.0,0.033832660579791306,0.8308366971010435,0.11915869334252537,0.23831738668505073,0.5938289729346464,0.16916330289895654,0.0,0.10149798173937397,-1.2458503562649832,-0.19070881879054005
93,31914.0,0.033741829768526826,0.6625817023147318,0.2846615502288165,0.569323100457633,0.6252782615718923,31914.0,0.033741829768526826,0.8312908511573659,0.2846473520065355,0.569294704013071,0.726492392299648,0.1687091488426341,-2.8396444561984424e-05,0.10121413072775576,0.13622823154795247,1.1884189419450497
9,31915.0,0.033711552831438674,0.6628844716856133,0.2362406698781772,0.4724813397563544,0.5867232189139098,31915.0,0.033711552831438674,0.8314422358428066,0.2362406698781772,0.4724813397563544,0.6878578774082258,0.16855776415719337,0.0,0.10113465849431602,-0.2645780336642655,0.7867865080431581
89,31916.0,0.033681275894350514,0.663187241056495,0.18890473342106476,0.3778094668421295,0.5490361313707488,31916.0,0.033681275894350514,0.8315936205282475,0.18894190481308218,0.37788380962616436,0.6501096961674142,0.16840637947175252,7.434278403484207e-05,0.1010735647966654,-0.6563613067083909,0.3943681238671228
56,31918.0,0.033620722020174194,0.6637927797982581,0.32284427490631756,0.6456885498126351,0.6565510878040088,31918.0,0.033620722020174194,0.8318963898991291,0.32284427490631756,0.6456885498126351,0.7574132538645315,0.16810361010087094,0.0,0.10086216606052267,0.46133083345442966,1.5098626283365897
63,31920.0,0.03356016814599788,0.6643983185400212,0.44937755246329997,0.8987551049265999,0.7581410330946527,31920.0,0.03356016814599788,0.8321991592700106,0.44937755246329997,0.8987551049265999,0.8588215375326465,0.16780084072998946,0.0,0.1006805044379937,1.517428395484393,2.564071692483043
2,31928.0,0.03331795264929262,0.6668204735070739,0.17005072100816349,0.34010144201632697,0.536132860910775,31928.0,0.03331795264929262,0.833410236753537,0.17005072100816349,0.34010144201632697,0.636086718858653,0.16658976324646313,0.0,0.09995385794787792,-0.7904997043224954,0.24858960114211695
6,31944.0,0.03283352165588209,0.6716647834411791,0.22712873853290685,0.4542574770658137,0.5847018608910329,31944.0,0.03283352165588209,0.8358323917205895,0.22712873853290685,0.4542574770658137,0.6832024258586792,0.16416760827941046,0.0,0.09850056496764625,-0.2855914447242136,0.7383898776723217
92,31949.0,0.0326821369704413,0.6731786302955871,0.35754858150302454,0.7150971630060491,0.689946043379772,31949.0,0.0326821369704413,0.8365893151477936,0.35754858150302454,0.7150971630060491,0.7879924542910959,0.16341068485220644,0.0,0.09804641091132393,0.8084944338162702,1.8277545115040321
48,31961.0,0.03231881372538341,0.6768118627461659,0.15702146687347027,0.31404293374694053,0.5317042911464758,31961.0,0.03231881372538341,0.838405931373083,0.15702146687347027,0.31404293374694053,0.628660732322626,0.16159406862691705,0.0,0.09695644117615021,-0.8365377420237207,0.17139134836298373
76,31963.0,0.03225825985120709,0.6774174014879291,0.22999153872190511,0.45998307744381023,0.5904436718702816,31963.0,0.03225825985120709,0.8387087007439645,0.2300096404718356,0.4600192809436712,0.6872329328238472,0.16129129925603547,3.6203499860998356e-05,0.09678926095356566,-0.22590135866822839,0.7802897779772269
35,31963.0,0.03225825985120709,0.6774174014879291,0.5555133086380921,1.0,0.8064504408927575,31963.0,0.03225825985120709,0.8387087007439645,0.5555133086380921,1.0,0.9032252204463788,0.16129129925603547,0.0,0.09677477955362124,2.019638015272312,3.0256786077755065
1,31969.0,0.032076598228678144,0.6792340177132186,0.42120947989642277,0.8424189597928455,0.7445079945450693,31969.0,0.032076598228678144,0.8396170088566093,0.4212177550971108,0.8424355101942216,0.8407444093916542,0.16038299114339072,1.6550401376047574e-05,0.09623641484658485,1.3757035551561094,2.376147475144544
24,31972.0,0.031985767417413664,0.6801423258258634,0.5332881923191605,1.0,0.808085395495518,31972.0,0.031985767417413664,0.8400711629129317,0.5332881923191605,1.0,0.904042697747759,0.1599288370870683,0.0,0.09595730225224097,2.0366344962238974,3.0341768482512994
77,31973.0,0.03195549048032551,0.6804450951967449,0.118623245775561,0.237246491551122,0.5031656537384958,31973.0,0.03195549048032551,0.8402225475983724,0.11864857526950949,0.23729715053901898,0.5990523887746311,0.15977745240162755,5.0658987896967655e-05,0.09588673503613532,-1.1332165649524752,-0.1364078078165286
65,31980.0,0.0317435519207084,0.6825644807929161,0.3918749093669095,0.783749818733819,0.7230386159692772,31980.0,0.0317435519207084,0.841282240396458,0.3918749093669095,0.783749818733819,0.8182692717314024,0.15871775960354195,0.0,0.0952306557621252,1.152514554440302,2.1425029149336656
8,31980.0,0.0317435519207084,0.6825644807929161,0.2587434368546297,0.5174868737092594,0.6165334379594534,31980.0,0.0317435519207084,0.841282240396458,0.2587434368546297,0.5174868737092594,0.7117640937215786,0.15871775960354195,0.0,0.0952306557621252,0.0453197575739113,1.0353081180672752
10,31989.0,0.03147105948691498,0.6852894051308502,0.33264741192195135,0.6652948238439027,0.6772915726160712,31989.0,0.03147105948691498,0.8426447025654251,0.33264741192195135,0.6652948238439027,0.7717047510768161,0.15735529743457488,0.0,0.09441317846074493,0.6769424806767245,1.6584326006942953
38,31995.0,0.03128939786438603,0.6871060213561397,0.08612790460468135,0.1722558092093627,0.48116593649742895,31995.0,0.03128939786438603,0.8435530106780699,0.08612790460468135,0.1722558092093627,0.5750341300905869,0.15644698932193013,0.0,0.09386819359315796,-1.361918801942251,-0.38609417557521003
68,32007.0,0.03092607461932814,0.6907392538067186,0.6095634008891204,1.0,0.8144435522840312,32007.0,0.03092607461932814,0.8453696269033593,0.6095634008891204,1.0,0.9072217761420156,0.15463037309664063,0.0,0.0927782238579844,2.1027319221467304,3.067225561212716
34,32015.0,0.030683859122622874,0.6931614087737712,0.38161052996503875,0.7632210599300775,0.7211852692362937,32015.0,0.030683859122622874,0.8465807043868856,0.38161052996503875,0.7632210599300775,0.8132368466041624,0.1534192956131144,0.0,0.09205157736786873,1.1332477366395803,2.0901873841715286
0,32022.0,0.03047192056300577,0.6952807943699424,0.36321388176789365,0.7264277635357873,0.7077395820362804,32022.0,0.03047192056300577,0.8476403971849712,0.363230337567879,0.726460675135758,0.7991685083652859,0.1523596028150288,3.291159997065307e-05,0.09142892632900546,0.9934705428323968,1.9439373032862233
55,32033.0,0.03013887425503603,0.6986112574496397,0.19931776558643924,0.3986355311728785,0.5786209669389352,32033.0,0.03013887425503603,0.8493056287248198,0.19931776558643924,0.3986355311728785,0.6690375897040433,0.15069437127518015,0.0,0.09041662276510809,-0.348806532195716,0.5911366343846456
47,32034.0,0.030108597317947874,0.6989140268205213,0.30302374645553953,0.6060474929110791,0.6617674132567444,32034.0,0.030108597317947874,0.8494570134102606,0.30302374645553953,0.6060474929110791,0.752093205210588,0.1505429865897393,0.0,0.0903257919538436,0.5155581349617591,1.4545570526003657
90,32036.0,0.030048043443771558,0.6995195655622845,0.44796103880722,0.89592207761444,0.7780805703831466,32036.0,0.030048043443771558,0.8497597827811423,0.4479674478881504,0.8959348957763008,0.8682298279792057,0.15024021721885783,1.281816186082807e-05,0.09014925759605907,1.724713640674138,2.661877361883242
39,32036.0,0.030048043443771558,0.6995195655622845,0.1442937243680254,0.2885874487360508,0.535146718831791,32036.0,0.030048043443771558,0.8497597827811423,0.1442937243680254,0.2885874487360508,0.6252908491631057,0.15024021721885783,0.0,0.09014413033131474,-0.8007513315130668,0.1363590882420313
30,32047.0,0.02971499713580182,0.7028500286419819,0.3436268846231362,0.6872537692462724,0.6966115248836982,32047.0,0.02971499713580182,0.8514250143209909,0.3436268846231362,0.6872537692462724,0.7857565162911035,0.14857498567900906,0.0,0.0891449914074054,0.8777867121604793,1.8045103935562736
80,32052.0,0.02956361245036103,0.7043638754963897,0.3123638617972219,0.6247277235944438,0.6725094147356113,32052.0,0.02956361245036103,0.8521819377481948,0.3123638617972219,0.6247277235944438,0.7612002520866945,0.14781806225180516,0.0,0.08869083735108318,0.6272286505890418,1.549231087276064
42,32052.0,0.02956361245036103,0.7043638754963897,0.09813713160294114,0.1962742632058823,0.5011280305801867,32052.0,0.02956361245036103,0.8521819377481948,0.09813713160294114,0.1962742632058823,0.5898188679312698,0.14781806225180516,0.0,0.08869083735108307,-1.15439906331557,-0.23239662662854899
40,32054.0,0.029503058576184713,0.7049694142381528,0.20609749044824038,0.41219498089648077,0.587859640901484,32054.0,0.029503058576184713,0.8524847071190764,0.20609749044824038,0.41219498089648077,0.6763688166300382,0.14751529288092358,0.0,0.08850917572855421,-0.2527641431549167,0.6673497956485956
85,32070.0,0.029018627582774188,0.7098137241722582,0.19463688242964572,0.38927376485929144,0.5815977404470715,32070.0,0.029018627582774188,0.8549068620861291,0.19579093876993423,0.39158187753986845,0.6695768682676249,0.1450931379138709,0.0023081126805770125,0.0879791278205534,-0.31786091808337474,0.596742807068607
98,32064.0,0.029200289205303133,0.7079971079469687,0.31605662927723926,0.6321132585544785,0.6776435681899726,32064.0,0.029200289205303133,0.8539985539734843,0.31605662927723926,0.6321132585544785,0.7652444358058821,0.14600144602651566,0.0,0.08760086761590946,0.6806017174877995,1.5912731668737643
78,32066.0,0.029139735331126817,0.7086026466887319,0.1623860955985617,0.3247721911971234,0.5550704644920885,32066.0,0.029139735331126817,0.8543013233443659,0.1623860955985617,0.3247721911971234,0.6424896704854689,0.14569867665563407,0.0,0.08741920599338038,-0.5936302511921079,0.31515270031034587
88,32071.0,0.02898835064568603,0.7101164935431397,0.20430278567209742,0.40860557134419484,0.5895121246635617,32071.0,0.02898835064568603,0.8550582467715698,0.20432254201635622,0.40864508403271244,0.6764929816760269,0.14494175322843017,3.9512688517595596e-05,0.08698085701246516,-0.23558543449992636,0.6686405769555726
79,32079.0,0.028746135148980764,0.7125386485101923,0.15714883912455557,0.31429767824911115,0.5532422604057599,32079.0,0.028746135148980764,0.8562693242550962,0.1571618633394085,0.314323726678817,0.6394910852245845,0.14373067574490384,2.6048429705827214e-05,0.08624882481882468,-0.612635693836467,0.28398033798158484
58,32090.0,0.028413088841011028,0.7158691115898898,0.6082042086280512,1.0,0.8295214669539339,32090.0,0.028413088841011028,0.8579345557949449,0.6082042086280512,1.0,0.914760733476967,0.14206544420505518,0.0,0.08523926652303304,2.2594772464780215,3.1455982233783613
32,32104.0,0.027989211721776815,0.7201078827822318,0.26729437949550255,0.5345887589910051,0.6459002332657411,32104.0,0.027989211721776815,0.8600539413911159,0.26729437949550255,0.5345887589910051,0.7298678684310715,0.1399460586088841,0.0,0.08396763516533046,0.3506078531514146,1.2235093448671883
84,32115.0,0.02765616541380708,0.7234383458619292,0.2355946076311953,0.4711892152623906,0.6225386936221138,32115.0,0.02765616541380708,0.8617191729309646,0.2359586200399225,0.471917240079845,0.7057983997905167,0.13828082706903533,0.0007280248174543758,0.08325970616840295,0.10774853284845005,0.9732906142839397
60,32126.0,0.027323119105837342,0.7267688089416267,0.24150815492990582,0.48301630985981164,0.6292678093089006,32126.0,0.027323119105837342,0.8633844044708133,0.24150815492990582,0.48301630985981164,0.7112371666264127,0.13661559552918667,0.0,0.08196935731751209,0.17770233242085337,1.029830347418023
70,32131.0,0.02717173442039655,0.7282826557960345,0.13771599114344973,0.27543198228689947,0.5471423863923804,32131.0,0.02717173442039655,0.8641413278980172,0.1377429195437565,0.275485839087513,0.6286791323738156,0.13585867210198277,5.38568006135387e-05,0.08153674598143512,-0.6760480921381838,0.1715826295881773
27,32137.0,0.026990072797867602,0.730099272021324,0.14817337101706174,0.2963467420341235,0.5565982600264437,32137.0,0.026990072797867602,0.865049636010662,0.14817337101706174,0.2963467420341235,0.6375684784200465,0.13495036398933802,0.0,0.08097021839360274,-0.5777477626791289,0.263993513958737
71,32168.0,0.026051487748134705,0.739485122518653,0.1687588479394294,0.3375176958788588,0.5786981518627353,32168.0,0.026051487748134705,0.8697425612593265,0.16883816909152846,0.3376763381830569,0.6569160720288186,0.13025743874067353,0.00015864230419809777,0.07821792016608331,-0.3480041416676219,0.4651250962517787
31,32176.0,0.025809272251429444,0.7419072774857056,0.2725743338426224,0.5451486676852448,0.6632038335655213,32176.0,0.025809272251429444,0.8709536387428528,0.2725743338426224,0.5451486676852448,0.7406316503198096,0.1290463612571472,0.0,0.07742781675428834,0.5304907149706323,1.3354062828800632
61,32180.0,0.025688164503076812,0.743118354969232,0.32025229666488264,0.6405045933297653,0.7020728503134452,32180.0,0.025688164503076812,0.871559177484616,0.32025229666488264,0.6405045933297653,0.7791373438226756,0.12844082251538402,0.0,0.07706449350923039,0.9345609574394492,1.7356995295818605
57,32185.0,0.02553677981763602,0.7446322018236398,0.2809762108015132,0.5619524216030264,0.6715602897353944,32185.0,0.02553677981763602,0.8723161009118199,0.2809762108015132,0.5619524216030264,0.7481706291883025,0.12768389908818012,0.0,0.07661033945290807,0.6173618414680893,1.4137791689017272
25,31768.0,0.03816226258339789,0.6183773741660211,0.41657291320116063,0.8331458264023213,0.7042847550605411,30815.0,0.06701618362841243,0.6649190818579379,0.4449783261513709,0.8899566523027418,0.7549341100358595,0.04654170769191679,0.056810825900420525,0.05064935497531842,0.9575552331442673,1.484090218026775
94,31942.0,0.03289407553005841,0.6710592446994159,0.2968683720648496,0.5937367441296992,0.6401302444715292,31353.0,0.050727191474983446,0.7463640426250828,0.28944895161615075,0.5788979032323015,0.6793775868679703,0.07530479792566691,-0.014838840897397731,0.03924734239644112,0.29062483927072336,0.6986280378397651
54,47929.0,0.45114331769832294,0.0,0.25385876302196014,0.5077175260439203,0.20308701041756813,47929.0,0.45114331769832294,0.0,0.25385876302196014,0.5077175260439203,0.20308701041756813,0.0,0.0,0.0,-4.2527410683058315,-4.2527410683058315
51,4421.0,0.8661456611332536,0.0,0.2836292397293832,0.5672584794587664,0.22690339178350658,4421.0,0.8661456611332536,0.0,0.2836292397293832,0.5672584794587664,0.22690339178350658,0.0,0.0,0.0,-4.00515335453176,-4.00515335453176
5,85263.0,1.5815024869476122,0.0,0.40997015831785083,0.8199403166357017,0.32797612665428066,85263.0,1.5815024869476122,0.0,0.40997015831785083,0.8199403166357017,0.32797612665428066,0.0,0.0,0.0,-2.954432551608403,-2.954432551608403
4,40988.0,0.2409910973694185,0.0,0.4399096929232075,0.879819385846415,0.351927754338566,40988.0,0.2409910973694185,0.0,0.4399096929232075,0.879819385846415,0.351927754338566,0.0,0.0,0.0,-2.705438859056895,-2.705438859056895
66,67260.0,1.0364267885495044,0.0,0.43066203517933316,0.8613240703586663,0.34452962814346655,67260.0,1.0364267885495044,0.0,0.43066203517933316,0.8613240703586663,0.34452962814346655,0.0,0.0,0.0,-2.782347484372929,-2.782347484372929
67,57904.0,0.7531557651526986,0.0,0.4012948909059279,0.8025897818118558,0.32103591272474236,57904.0,0.7531557651526986,0.0,0.4012948909059279,0.8025897818118558,0.32103591272474236,0.0,0.0,0.0,-3.026580863038066,-3.026580863038066
