house_id,population,pop_dev,pop_score,area,perimeter,pp,compactness_score,Fairness,grade
1,32022.0,0.03047192056300577,0.6952807943699424,37444399.03059522,35992.925300222494,0.36321388176789365,0.7264277635357873,0.7077395820362804,B
2,31969.0,0.032076598228678144,0.6792340177132186,251411442.5871563,86606.08033509705,0.42120947989642277,0.8424189597928455,0.7445079945450693,B
3,31928.0,0.03331795264929262,0.6668204735070739,2170302594.328777,400475.3945799741,0.17005072100816349,0.34010144201632697,0.536132860910775,D
4,31733.0,0.03922195538148342,0.6077804461851659,2411021827.982229,250027.49412391693,0.4846580937364014,0.9693161874728028,0.7523947427002207,B
5,40988.0,0.2409910973694185,0.0,3731420921.856797,326482.78579393926,0.4399096929232075,0.879819385846415,0.351927754338566,F
6,85263.0,1.5815024869476122,0.0,2070737822.2768946,251936.65983665263,0.40997015831785083,0.8199403166357017,0.32797612665428066,F
7,31944.0,0.03283352165588209,0.6716647834411791,5358848572.871716,544508.4580222869,0.22712873853290685,0.4542574770658137,0.5847018608910329,C
8,31874.0,0.03495290725205315,0.6504709274794686,980443680.7015789,250651.79035561054,0.19610600551712837,0.39221201103425674,0.5471673609013838,D
9,31980.0,0.0317435519207084,0.6825644807929161,3969953760.759518,439099.5428577904,0.2587434368546297,0.5174868737092594,0.6165334379594534,C
10,31915.0,0.033711552831438674,0.6628844716856133,3697804589.319598,443506.0799227214,0.2362406698781772,0.4724813397563544,0.5867232189139098,C
11,31989.0,0.03147105948691498,0.6852894051308502,3590909522.762077,368311.3385531771,0.33264741192195135,0.6652948238439027,0.6772915726160712,C
12,31818.0,0.03664841572898999,0.6335158427101002,3721804803.982926,325375.96116436296,0.4417662443584824,0.8835324887169648,0.7335225011128461,B
13,31807.0,0.036981462036959734,0.6301853796304027,5385643874.551659,694138.8149201835,0.14046070255700335,0.2809214051140067,0.49047978982384427,D
14,31893.0,0.03437764544737815,0.6562235455262185,235861193.28555158,68425.96088754304,0.6330303696848126,1.0,0.7937341273157311,B
15,31749.0,0.038737524388072896,0.612624756119271,2529401037.1846256,319567.94100792194,0.31124411413864045,0.6224882282772809,0.616570144982475,C
16,31826.0,0.036406200232284726,0.6359379976771528,3950397925.5116916,361000.5749410817,0.3809210049255181,0.7618420098510362,0.6862996025467062,C
17,31748.0,0.03876780132516105,0.6123219867483896,4981294510.038324,539004.2286602501,0.21546053735398737,0.43092107470797475,0.5397616219322237,D
18,31759.0,0.03843475501719131,0.6156524498280869,3494007242.2769938,352732.18586141104,0.352893358949056,0.705786717898112,0.6517061570560969,C
19,31784.0,0.037677831589987366,0.6232216841001263,89980475.87656859,72571.05113564205,0.2146996431501713,0.4293992863003426,0.5456927249802128,D
20,31882.0,0.03471069175534788,0.6528930824465211,26157285.141539566,34722.87685673176,0.27262842238324414,0.5452568447664883,0.609838587374508,C
21,31787.0,0.03758700077872289,0.6241299922127712,1012177420.9894365,234903.50492747544,0.23050880300996276,0.46101760601992553,0.5588850377356329,C
22,31772.0,0.038041154835045256,0.6195884516495475,914994379.0418196,224760.89569171748,0.22760761178921907,0.45521522357843813,0.5538391604211037,C
23,31838.0,0.036042876987226836,0.6395712301277316,3977127399.8132505,411297.34268101555,0.29543881983218345,0.5908776396643669,0.6200937939423858,C
24,31766.0,0.03822281645757421,0.617771835424258,4958741950.701098,303253.4626515817,0.6775944428406138,1.0,0.7706631012545548,B
25,31972.0,0.031985767417413664,0.6801423258258634,654298071.532612,124168.59533570903,0.5332881923191605,1.0,0.808085395495518,B
26,31768.0,0.03816226258339789,0.6183773741660211,3996052865.6603913,347196.25402938685,0.41657291320116063,0.8331458264023213,0.7042847550605411,B
27,31685.0,0.040675248361715,0.59324751638285,67841797.36173013,66492.00835551498,0.19282720568437714,0.3856544113687543,0.5102102743772117,D
28,32137.0,0.026990072797867602,0.730099272021324,245210879.8610693,144208.12133698174,0.14817337101706174,0.2963467420341235,0.5565982600264437,C
29,31865.0,0.03522539968584657,0.6477460031415343,60694025.103801444,39664.430905292495,0.48478966075908503,0.9695793215181701,0.7764793304921886,B
30,31878.0,0.034831799503700515,0.6516820049629949,42437935.794443496,37798.0115626424,0.37327268299049937,0.7465453659809987,0.6896273493701964,C
31,32047.0,0.02971499713580182,0.7028500286419819,62596820.73206288,47845.10397382393,0.3436268846231362,0.6872537692462724,0.6966115248836982,C
32,32176.0,0.025809272251429444,0.7419072774857056,27016273.5172249,35291.910938701265,0.2725743338426224,0.5451486676852448,0.6632038335655213,C
33,32104.0,0.027989211721776815,0.7201078827822318,20018260.85130051,30677.72787013417,0.26729437949550255,0.5345887589910051,0.6459002332657411,C
34,31886.0,0.03458958400699525,0.6541041599300474,17516384.912641063,20670.86416409414,0.5151540018234922,1.0,0.7924624959580284,B
35,32015.0,0.030683859122622874,0.6931614087737712,20250673.488529544,25823.46364144177,0.38161052996503875,0.7632210599300775,0.7211852692362937,B
36,31963.0,0.03225825985120709,0.6774174014879291,32074169.15633753,26936.142794970994,0.5555133086380921,1.0,0.8064504408927575,B
37,31835.0,0.03613370779849131,0.638662922015087,2047271085.4898117,343208.4463578989,0.21840837225740956,0.4368167445148191,0.5579244510149799,C
38,31898.0,0.034226260761937355,0.6577373923806265,1419199979.4390504,219366.2054159692,0.3706073382782545,0.741214676556509,0.6911283060509794,C
39,31995.0,0.03128939786438603,0.6871060213561397,57367051.575089924,91488.02578122838,0.08612790460468135,0.1722558092093627,0.48116593649742895,D
40,32036.0,0.030048043443771558,0.6995195655622845,95980687.1884328,91426.7196897241,0.1442937243680254,0.2885874487360508,0.535146718831791,D
41,32054.0,0.029503058576184713,0.7049694142381528,38255834.60643467,48296.69592357309,0.20609749044824038,0.41219498089648077,0.587859640901484,C
42,31911.0,0.033832660579791306,0.6616733942020869,41005997.767238416,65760.59859144727,0.11915869334252537,0.23831738668505073,0.49233099119527246,D
43,32052.0,0.02956361245036103,0.7043638754963897,85673972.63992459,104740.0325711774,0.09813713160294114,0.1962742632058823,0.5011280305801867,D
44,31757.0,0.03849530889136763,0.6150469110863237,39879249.354272686,48117.724458378165,0.21644456115213492,0.43288912230426985,0.5421837955735022,D
45,31630.0,0.04234047990156369,0.5765952009843631,865317803.5537177,404706.0622612883,0.06639052201364162,0.13278104402728325,0.3990695382015311,F
46,31678.0,0.04088718692133211,0.5911281307866789,368160975.57469755,138447.45443453832,0.24136687419906755,0.4827337483981351,0.5477703778312614,D
47,31831.0,0.03625481554684394,0.6374518445315607,3589084233.1591954,430201.27791837225,0.2436969662716715,0.487393932543343,0.5774286797362737,C
48,32034.0,0.030108597317947874,0.6989140268205213,1547174530.850862,253300.62077255352,0.30302374645553953,0.6060474929110791,0.6617674132567444,C
49,31961.0,0.03231881372538341,0.6768118627461659,112541917.31767583,94903.57483960036,0.15702146687347027,0.31404293374694053,0.5317042911464758,D
50,31777.0,0.03788977014960447,0.6211022985039554,25330541.637088336,34643.96957126388,0.2652155863589109,0.5304311727178218,0.5848338481895019,C
51,31906.0,0.03398404526523209,0.6601595473476791,2185886860.4018917,432865.7744963555,0.14659901291425884,0.29319802582851767,0.5133749387400145,D
52,4421.0,0.8661456611332536,0.0,348429282.4723788,124247.24134027859,0.2836292397293832,0.5672584794587664,0.22690339178350658,F
53,31781.0,0.03776866240125184,0.6223133759874817,3014074231.3410034,319240.64694658807,0.3716442719719198,0.7432885439438396,0.6707034431700248,C
54,31862.0,0.035316230497111044,0.6468376950288897,3062076283.8443666,349276.37353235023,0.31541871017813866,0.6308374203562773,0.6404375851598447,C
55,47929.0,0.45114331769832294,0.0,3656148327.8137994,425422.7939606341,0.25385876302196014,0.5077175260439203,0.20308701041756813,F
56,32033.0,0.03013887425503603,0.6986112574496397,3655602781.749886,480077.58226907597,0.19931776558643924,0.3986355311728785,0.5786209669389352,C
57,31918.0,0.033620722020174194,0.6637927797982581,1886459827.918044,270976.83630753035,0.32284427490631756,0.6456885498126351,0.6565510878040088,C
58,32185.0,0.02553677981763602,0.7446322018236398,3153416797.083649,375544.01461705874,0.2809762108015132,0.5619524216030264,0.6715602897353944,C
59,32090.0,0.028413088841011028,0.7158691115898898,936034355.7454803,139067.6500568528,0.6082042086280512,1.0,0.8295214669539339,B
60,31903.0,0.03407487607649656,0.6592512392350344,3024091448.5267906,346595.3599086243,0.3163437770261,0.6326875540522,0.6486257651619006,C
61,32126.0,0.027323119105837342,0.7267688089416267,60108034.189343065,55924.910067435,0.24150815492990582,0.48301630985981164,0.6292678093089006,C
62,32180.0,0.025688164503076812,0.743118354969232,83193472.20523362,57135.157755817105,0.32025229666488264,0.6405045933297653,0.7020728503134452,B
63,31873.0,0.03498318418914131,0.650168158108587,3394636026.975416,267805.4381198501,0.5947908744506859,1.0,0.7901008948651522,B
64,31920.0,0.03356016814599788,0.6643983185400212,3853366035.7613144,328261.0673664672,0.44937755246329997,0.8987551049265999,0.7581410330946527,B
65,31763.0,0.03831364726883868,0.6168635273116132,1215976002.329977,267173.4749629268,0.21406624444122396,0.4281324888824479,0.5413711119399471,D
66,31980.0,0.0317435519207084,0.6825644807929161,2895958582.6843786,304738.53566786717,0.3918749093669095,0.783749818733819,0.7230386159692772,B
67,67260.0,1.0364267885495044,0.0,2426615328.440402,266095.2401830047,0.43066203517933316,0.8613240703586663,0.34452962814346655,F
68,57904.0,0.7531557651526986,0.0,2694482972.5268407,290476.38992464944,0.4012948909059279,0.8025897818118558,0.32103591272474236,F
69,32007.0,0.03092607461932814,0.6907392538067186,598285297.4085449,111057.95072949902,0.6095634008891204,1.0,0.8144435522840312,B
70,31800.0,0.03719340059657684,0.6280659940342317,1904901481.712524,220072.95451817216,0.4942526832076882,0.9885053664153765,0.7722417429866896,B
71,32131.0,0.02717173442039655,0.7282826557960345,35488673.40578776,56905.943542877416,0.13771599114344973,0.27543198228689947,0.5471423863923804,D
72,32168.0,0.026051487748134705,0.739485122518653,155028126.61048135,107442.69803330183,0.1687588479394294,0.3375176958788588,0.5786981518627353,C
73,31665.0,0.04128078710347816,0.5871921289652184,50675131.78807887,79248.10818923666,0.10139742910608981,0.20279485821217963,0.4334332206640029,D
74,31713.0,0.03982749412324658,0.6017250587675342,28662750.496922735,36330.31672813614,0.2728910919667059,0.5457821839334118,0.5793479088338853,C
75,31757.0,0.03849530889136763,0.6150469110863237,52569689.26060861,41020.24320278921,0.39259865924932313,0.7851973184986463,0.6831070740512528,C
76,31626.0,0.042461587649916324,0.5753841235008368,1146719413.8354535,249606.28576928706,0.2312895405488447,0.4625790810976894,0.5302621065395778,D
77,31963.0,0.03225825985120709,0.6774174014879291,120866700.62336317,81264.7747888428,0.22999153872190511,0.45998307744381023,0.5904436718702816,C
78,31973.0,0.03195549048032551,0.6804450951967449,32222433.945428204,58425.06463579906,0.118623245775561,0.237246491551122,0.5031656537384958,D
79,32066.0,0.029139735331126817,0.7086026466887319,25958128.051115774,44819.51961384144,0.1623860955985617,0.3247721911971234,0.5550704644920885,C
80,32079.0,0.028746135148980764,0.7125386485101923,59318615.70253726,68872.34132959985,0.15714883912455557,0.31429767824911115,0.5532422604057599,C
81,32052.0,0.02956361245036103,0.7043638754963897,80419651.67464755,56879.4821977186,0.3123638617972219,0.6247277235944438,0.6725094147356113,C
82,31750.0,0.038707247450984736,0.6129275254901527,2218236631.022791,281205.3642389067,0.35250926403077876,0.7050185280615575,0.6497639265187147,C
83,31751.0,0.038676970513896576,0.6132302948610342,1222797447.2131538,290810.29602666525,0.18169577572470258,0.36339155144940516,0.5132947974963826,D
84,31627.0,0.042431310712828164,0.5756868928717184,1897767679.8453286,290405.16465835,0.2827771015192752,0.5655542030385504,0.5716338169384512,C
85,32115.0,0.02765616541380708,0.7234383458619292,300311637.72892505,126563.46033217157,0.2355946076311953,0.4711892152623906,0.6225386936221138,C
86,32070.0,0.029018627582774188,0.7098137241722582,46179785.53303358,54603.22801946396,0.19463688242964572,0.38927376485929144,0.5815977404470715,C
87,31811.0,0.0368603542886071,0.631396457113929,2027140286.051149,234066.65089881592,0.46495892265723865,0.9299178453144773,0.7508050123941483,B
88,31844.0,0.035861215364697885,0.6413878463530212,3112829934.5040784,320049.26998063695,0.3818840997969191,0.7637681995938382,0.690339987649348,C
89,32071.0,0.02898835064568603,0.7101164935431397,35938338.62624113,47016.119993648004,0.20430278567209742,0.40860557134419484,0.5895121246635617,C
90,31916.0,0.033681275894350514,0.663187241056495,24183853.209803507,40109.40882537456,0.18890473342106476,0.3778094668421295,0.5490361313707488,D
91,32036.0,0.030048043443771558,0.6995195655622845,2143333593.4600112,245205.2112997279,0.44796103880722,0.89592207761444,0.7780805703831466,B
92,31873.0,0.03498318418914131,0.650168158108587,2063975615.1794074,257531.6415729329,0.39106885852237183,0.7821377170447437,0.7029559816830496,B
93,31949.0,0.0326821369704413,0.6731786302955871,77655588.5536137,52242.47698887573,0.35754858150302454,0.7150971630060491,0.689946043379772,C
94,31914.0,0.033741829768526826,0.6625817023147318,174722895.67482013,87824.4495046753,0.2846615502288165,0.569323100457633,0.6252782615718923,C
95,31942.0,0.03289407553005841,0.6710592446994159,3242751990.398343,370492.8523154896,0.2968683720648496,0.5937367441296992,0.6401302444715292,C
96,31778.0,0.03785949321251631,0.6214050678748368,321619231.91850847,109182.5314420014,0.3390357971575796,0.6780715943151592,0.6440716784509658,C
97,31753.0,0.038616416639720264,0.6138358336027974,23635111.9647655,31898.96282084628,0.2918867649560176,0.5837735299120352,0.6018109121264925,C
98,31696.0,0.040342202053745266,0.5965779794625474,105386149.07850537,63268.43512506693,0.33084091528535226,0.6616818305707045,0.6226195199058102,C
99,32064.0,0.029200289205303133,0.7079971079469687,541238582.8858957,146695.521072947,0.31605662927723926,0.6321132585544785,0.6776435681899726,C
100,31871.0,0.03504373806331762,0.6495626193668238,1151643068.786692,170593.81605372924,0.4972802302279304,0.9945604604558608,0.7875617558024386,B
