county,path,raw_rows,clean_rows,raw_crs,minx,miny,maxx,maxy
Wright,/Users/kunsel03/Desktop/Thesis/data/extracted/Wright/County_Wright_Precincts_REVISED.shp,10,10,EPSG:4326,-93.97177865566628,42.55732159400623,-93.49860154814476,42.90876564604793
Floyd,/Users/kunsel03/Desktop/Thesis/data/extracted/Floyd/Floyd_County_Precincts_-_SOS_REVISED.shp,8,8,EPSG:4326,-93.0251564165673,42.90706672265086,-92.5539962922021,43.212983761300414
Linn,/Users/kunsel03/Desktop/Thesis/data/extracted/Linn/Linn_County_2022_Precincts_-_94.shp,94,94,EPSG:4326,-91.83526898093825,41.859601627824524,-91.36326987578997,42.29907067671787
Jones,/Users/kunsel03/Desktop/Thesis/data/extracted/Jones/Jones_County_Precincts_-_SOS_rename.shp,14,14,EPSG:4326,-91.36588383814481,41.94622467535589,-90.8980207395174,42.29646270824406
Wayne,/Users/kunsel03/Desktop/Thesis/data/extracted/Wayne/Wayne_CO.shp,4,4,EPSG:4326,-93.55697132889384,40.579947298104095,-93.0972441784951,40.898461370993616
Davis,/Users/kunsel03/Desktop/Thesis/data/extracted/Davis/Davis_County.shp,8,8,EPSG:4326,-92.63916308333769,40.59086034758553,-92.17811393513581,40.89972742629988
Cherokee,/Users/kunsel03/Desktop/Thesis/data/extracted/Cherokee/County_Cherokee_Precincts.shp,7,7,EPSG:4326,-95.86081817630429,42.56059045704085,-95.38749304981141,42.91031852524905
Montgomery,/Users/kunsel03/Desktop/Thesis/data/extracted/Montgomery/Montgomery_County_Revised_Precincts_-_CORRECTED-JF.shp,7,7,EPSG:4326,-95.38497183492876,40.900631253680665,-94.92747173324426,41.16003327283109
Winneshiek,/Users/kunsel03/Desktop/Thesis/data/extracted/Winneshiek/Winneshiek_County_Precincts_-_SOS_REVISED.shp,12,12,EPSG:4326,-92.08127917575827,43.0816608156946,-91.60399906530758,43.50090286060632
Webster,/Users/kunsel03/Desktop/Thesis/data/extracted/Webster/Webster_County_Precincts_-_SOS_REVISED.shp,19,19,EPSG:4326,-94.44359077351146,42.209055500593486,-93.93158758622229,42.645199565282674
Page,/Users/kunsel03/Desktop/Thesis/data/extracted/Page/County_Page_Precincts.shp,9,9,EPSG:4326,-95.38549081659758,40.575075207353585,-94.91313168892594,40.901557230458714
Cerro Gordo,/Users/kunsel03/Desktop/Thesis/data/extracted/Cerro Gordo/County_Cerro_Gordo_Precinct_Maps.shp,10,10,EPSG:4326,-93.4986245492504,42.90750269104055,-93.02297543106506,43.255714729041244
Buena Vista,/Users/kunsel03/Desktop/Thesis/data/extracted/Buena Vista Precinct Boundaries.zip/BuenaVistaPrecincts.shp,9,9,EPSG:4326,-95.38826103609912,42.560316519899935,-94.91383593419216,42.910146546560824
Des Moines,/Users/kunsel03/Desktop/Thesis/data/extracted/Des Moines/County_DesMoines_Precinct_Map.shp,17,17,EPSG:4326,-91.40945973162395,40.696308454432035,-90.94225962217293,41.07418050968208
Mitchell,/Users/kunsel03/Desktop/Thesis/data/extracted/Mitchell/Mitchell_Co_Precicint_Plan_-_SOS_revised.shp,12,12,EPSG:4326,-93.02451648181273,43.21248076772909,-92.55313535528835,43.50029181967598
Hamilton,/Users/kunsel03/Desktop/Thesis/data/extracted/Hamilton/Hamilton_County_Precincts_-_FINAL.shp,7,7,EPSG:4326,-93.97162463710121,42.209150552912355,-93.46264248702268,42.55814658161432
Lee,/Users/kunsel03/Desktop/Thesis/data/extracted/Lee/Lee_County_Revised_Precinct_Plan_-_SOS.shp,22,22,EPSG:4326,-91.71880181830342,40.37544738014873,-91.11247363629286,40.81391444399277
Louisa,/Users/kunsel03/Desktop/Thesis/data/extracted/Louisa/Louisa_County_Final_Plan.shp,5,5,EPSG:4326,-91.48601079524005,41.07271752756991,-90.94626662940672,41.42423355615117
Washington,/Users/kunsel03/Desktop/Thesis/data/extracted/Washington/County_Washington_Proposed_Amend.shp,10,10,EPSG:4326,-91.94694593681133,41.161521490078954,-91.48386681575485,41.51174655095976
Dubuque,/Users/kunsel03/Desktop/Thesis/data/extracted/Dubuque/Revision_2_2.shp,34,34,EPSG:4326,-91.13444583983978,42.294641746192944,-90.4738046306202,42.675089794986626
Sac,/Users/kunsel03/Desktop/Thesis/data/extracted/Sac/Sac.shp,9,9,EPSG:4326,-95.38818902294604,42.20969946964968,-94.8566618722519,42.56174948853941
Hardin,/Users/kunsel03/Desktop/Thesis/data/extracted/Hardin/Hardin_County_Precinct_Plan.shp,8,8,EPSG:4326,-93.4995865059423,42.20870458118982,-93.00168132812522,42.557707612193006
Clayton,/Users/kunsel03/Desktop/Thesis/data/extracted/Clayton/Clayton.shp,12,12,EPSG:4326,-91.6084300042474,42.64398074600782,-90.89695778491603,43.08172281795878
Fayette,/Users/kunsel03/Desktop/Thesis/data/extracted/Fayette/Fayette.shp,20,20,EPSG:4326,-92.08189114111045,42.64183472582207,-91.60528503412968,43.08280178560851
Cass,/Users/kunsel03/Desktop/Thesis/data/extracted/Cass/Cass_County_Precinct_Plan_-_SOS_REVISED.shp,12,12,EPSG:4326,-95.15585880159848,41.15791031412806,-94.70008069686915,41.50524634074209
Jefferson,/Users/kunsel03/Desktop/Thesis/data/extracted/Jefferson/Jefferson_County.shp,8,8,EPSG:4326,-92.17999898357652,40.89972742629988,-91.71604885367044,41.16381448203187
Ringgold,/Users/kunsel03/Desktop/Thesis/data/extracted/Ringgold/Ringgold_County_Precincts.shp,7,7,EPSG:4326,-94.4717035765083,40.57083223393153,-94.01476646066817,40.89951028731682
Decatur,/Users/kunsel03/Desktop/Thesis/data/extracted/Decatur/County_Decatur_Precincts.shp,4,4,EPSG:4326,-94.01549942913536,40.57392126221319,-93.55619332376008,40.89937632950487
Guthrie,/Users/kunsel03/Desktop/Thesis/data/extracted/Guthrie/Guthrie_County_Precincts_-_SOS_REVISED.shp,6,6,EPSG:4326,-94.74488376965148,41.50357739644661,-94.24136360233663,41.86331543796759
Monroe,/Users/kunsel03/Desktop/Thesis/data/extracted/Monroe/Monroe_County_Precincts.shp,7,7,EPSG:4326,-93.09922423935127,40.89822938454244,-92.63909808416781,41.161431440875624
Marion,/Users/kunsel03/Desktop/Thesis/data/extracted/Marion/County_Marion_Precincts.shp,19,19,EPSG:4326,-93.32862134042176,41.1606664000382,-92.86977817577663,41.5085294846376
Delaware,/Users/kunsel03/Desktop/Thesis/data/extracted/Delaware/County_Delaware_Precincts.shp,12,12,EPSG:4326,-91.60905797511462,42.29575171866667,-91.1300858092331,42.64585177574316
Winnebago,/Users/kunsel03/Desktop/Thesis/data/extracted/Winnebago/Final_2021_Plan_Winnebago_County.shp,10,10,EPSG:4326,-93.97078774041549,43.25502869199905,-93.49733362151704,43.49989372582053
Fremont,/Users/kunsel03/Desktop/Thesis/data/extracted/Fremont/Fremont_County_Precinct_Map.shp,5,5,EPSG:4326,-95.88891495132376,40.580510179783346,-95.37061781218333,40.90175320777958
Iowa,/Users/kunsel03/Desktop/Thesis/data/extracted/Iowa/Iowa_County_Precinct_Map.shp,11,11,EPSG:4326,-92.30013207079138,41.509793519956595,-91.82706693111675,41.86306458103823
Dickinson,/Users/kunsel03/Desktop/Thesis/data/extracted/Dickinson/County_Dickinson_Precincts.shp,12,12,EPSG:4326,-95.38809811895226,43.255061625181796,-94.91373098491059,43.5012036391707
Benton,/Users/kunsel03/Desktop/Thesis/data/extracted/Benton/Benton_County_Precincts_-_FINAL_SOS_REVISED.shp,18,18,EPSG:4326,-92.29933612603092,41.861569601530675,-91.83109600895664,42.29907067671787
Van Buren,/Users/kunsel03/Desktop/Thesis/data/extracted/Van Buren/County_Van_Buren_Precincts.shp,4,4,EPSG:4326,-92.17978892640933,40.59853740289443,-91.71643879780297,40.90136944497972
Humboldt,/Users/kunsel03/Desktop/Thesis/data/extracted/Humboldt/Humboldt_Precincts_-_SOS_REVISED.shp,6,6,EPSG:4326,-94.44317379039107,42.644334580426225,-93.97124568097519,42.90833762525188
Poweshiek,/Users/kunsel03/Desktop/Thesis/data/extracted/Poweshiek/Poweshiek_County_After_State_Review_Final.shp,10,10,EPSG:4326,-92.76677619486844,41.508717492254256,-92.29749506056122,41.86278657738454
City of Maquoketa,/Users/kunsel03/Desktop/Thesis/data/extracted/City of Maquoketa/City_Maquoketa_Wards.shp,5,5,EPSG:4326,-90.6942576582743,42.02346870280424,-90.64194164515202,42.079539712163985
Henry,/Users/kunsel03/Desktop/Thesis/data/extracted/Henry/Henry_County_Revised_Precincts_-_SOS.shp,9,9,EPSG:4326,-91.71879781866413,40.812593459034424,-91.37030175607318,41.16357150454986
Mahaska,/Users/kunsel03/Desktop/Thesis/data/extracted/Mahaska/Mahaska_County.shp,9,9,EPSG:4326,-92.87148021281584,41.161055430284556,-92.41007704951153,41.50955851288126
Madison,/Users/kunsel03/Desktop/Thesis/data/extracted/Madison/Final_MadisonCo_Precinct_Plan.shp,10,10,EPSG:4326,-94.24172558230512,41.15654236303476,-93.78920342970503,41.51192342814395
Boone,/Users/kunsel03/Desktop/Thesis/data/extracted/Boone/Boone_County_Precinct_C.shp,15,15,EPSG:4326,-94.1649186441931,41.86307446717479,-93.6980244824651,42.21004751882064
Appanoose,/Users/kunsel03/Desktop/Thesis/data/extracted/Appanoose/Appanoose_County_Precincts.shp,11,11,EPSG:4326,-93.09795120630207,40.58402131914696,-92.6378240600774,40.89889339874815
Mills,/Users/kunsel03/Desktop/Thesis/data/extracted/Mills/Mills_County_-_adjusted_for_Glenwood_-_SOS.shp,11,11,EPSG:4326,-95.88335399626159,40.901052210183735,-95.38417786008452,41.16034824059595
Allamakee,/Users/kunsel03/Desktop/Thesis/data/extracted/Allamakee/County_Allamakee_Precinct_Map.shp,10,10,EPSG:4326,-91.61103007120705,43.08025484244048,-91.05791689796352,43.50102290353016
Buchanan,/Users/kunsel03/Desktop/Thesis/data/extracted/Buchanan/Buchanan_County_Precincts_-_SOS_REVISED.shp,14,14,EPSG:4326,-92.08243710594297,42.29641569075173,-91.5969879422514,42.64398074600782
Emmet,/Users/kunsel03/Desktop/Thesis/data/extracted/Emmet/2021_Precincts_Emmet_Final3.shp,11,11,EPSG:4326,-94.91485101653801,43.255012656393134,-94.44229987483202,43.50105967205481
Scott,/Users/kunsel03/Desktop/Thesis/data/extracted/Scott/82_SCOTT_COUNTY_FINAL.shp,66,66,EPSG:4326,-90.89985966822107,41.44963960250377,-90.31267351181509,41.77644266953485
Tama,/Users/kunsel03/Desktop/Thesis/data/extracted/Tama/County_Tama_Precincts.shp,13,13,EPSG:4326,-92.76809727311021,41.86219456264484,-92.29727410363172,42.297534647639786
Woodbury,/Users/kunsel03/Desktop/Thesis/data/extracted/Woodbury/Proposed_Woodbury_County_Precincts.shp,44,44,EPSG:4326,-96.49900532842669,42.21126841601489,-95.66914909178492,42.56224141896388
Howard,/Users/kunsel03/Desktop/Thesis/data/extracted/Howard/County_Howard_Precincts.shp,9,9,EPSG:4326,-92.55456032629566,43.21269578834921,-92.07964221710749,43.50082784839657
Calhoun,/Users/kunsel03/Desktop/Thesis/data/extracted/Calhoun/Calhoun_County_Precinct_Alt_Plan_-_SOS_REVISED.shp,6,6,EPSG:4326,-94.91467789837145,42.20902349771521,-94.39709973690549,42.560316519899935
Clarke,/Users/kunsel03/Desktop/Thesis/data/extracted/Clarke/FINAL_CLARKE_COUNTY_PRECINCT_PLAN_2022.shp,7,7,EPSG:4326,-94.01489846351366,40.89667732167759,-93.5565363380284,41.16214937254208
Ida,/Users/kunsel03/Desktop/Thesis/data/extracted/Ida/County_Ida_Precincts.shp,7,7,EPSG:4326,-95.74185111368993,42.21070843153965,-95.32234599883417,42.561898479921545
Marshall,/Users/kunsel03/Desktop/Thesis/data/extracted/Marshall/Marshall_County_Precincts5.shp,7,7,EPSG:4326,-93.23197935440172,41.862274544885224,-92.76566023113699,42.21014760400963
O'Brien,/Users/kunsel03/Desktop/Thesis/data/extracted/O'Brien/County_OBrien_Voting_Precincts.shp,9,9,EPSG:4326,-95.86243924143236,42.909104508940025,-95.38775309880538,43.258486575676514
Plymouth,/Users/kunsel03/Desktop/Thesis/data/extracted/Plymouth/Precinct_2020.shp,11,11,EPSG:4326,-96.6394933882364,42.56062745673608,-95.85857618887111,42.910159499985554
Osceola,/Users/kunsel03/Desktop/Thesis/data/extracted/Osceola/3_-_Final_Mapping.shp,8,8,EPSG:4326,-95.86192224491045,43.2552285928033,-95.38742713543408,43.50065462458881
Black Hawk,/Users/kunsel03/Desktop/Thesis/data/extracted/Black Hawk/Black_Hawk_County_-_After_Review.shp,11,11,EPSG:4326,-92.55466225069794,42.297008632573984,-92.06410309271278,42.6423806895016
Adams,/Users/kunsel03/Desktop/Thesis/data/extracted/Adams/Adams_County_Plan_Amended_1-10-22.shp,5,5,EPSG:4326,-94.92861171193685,40.8993382831275,-94.47044259280298,41.15851530020347
Dallas,/Users/kunsel03/Desktop/Thesis/data/extracted/Dallas/County_Dallas_Precincts_-_FINAL.shp,46,46,EPSG:4326,-94.28079963058474,41.503100405719096,-93.79047046856257,41.86344948196811
Clay,/Users/kunsel03/Desktop/Thesis/data/extracted/Clay/County_Clay_Precinct_Map.shp,12,12,EPSG:4326,-95.38876508243276,42.90968356374269,-94.91345197294194,43.2556206097031
Chickasaw,/Users/kunsel03/Desktop/Thesis/data/extracted/Chickasaw/County_Chickasaw_Precinct_Map.shp,9,9,EPSG:4326,-92.55447131524316,42.9067397551043,-92.0809811860334,43.21371479344898
Shelby,/Users/kunsel03/Desktop/Thesis/data/extracted/Shelby/County_Shelby_Precinct_Map.shp,11,11,EPSG:4326,-95.5581509602607,41.50469734780882,-95.04072681102879,41.86421438569717
Franklin,/Users/kunsel03/Desktop/Thesis/data/extracted/Franklin/County_Franklin_Precincts.shp,9,9,EPSG:4326,-93.49960051183149,42.556709638254574,-93.02515141647923,42.90851966678808
Franklin,/Users/kunsel03/Desktop/Thesis/data/extracted/Franklin/Hampton_2020_Ward_Map.shp,4,4,EPSG:4326,-93.23200345253545,42.716147654732936,-93.18265944046775,42.759935662979686
Sioux,/Users/kunsel03/Desktop/Thesis/data/extracted/Sioux/County_Sioux_Precincts.shp,17,17,EPSG:4326,-96.57151743471292,42.908778462168335,-95.85933120278412,43.26015851261139
Butler,/Users/kunsel03/Desktop/Thesis/data/extracted/Butler/County_Butler_Precincts.shp,8,8,EPSG:4326,-93.02700737543698,42.55578966551497,-92.55414824995859,42.90755669745772
Greene,/Users/kunsel03/Desktop/Thesis/data/extracted/Greene/Greene_County_-_Precincts.shp,6,6,EPSG:4326,-94.62964374347179,41.8627704305362,-94.1641456106999,42.20992751483617
Hancock,/Users/kunsel03/Desktop/Thesis/data/extracted/Hancock/Hancock_County_Reprecincting_Plan_2021.shp,10,10,EPSG:4326,-93.97148868617892,42.90776963562077,-93.49751458976311,43.255634712042784
Union,/Users/kunsel03/Desktop/Thesis/data/extracted/Union/Union_County_Precinct_Plan.shp,8,8,EPSG:4326,-94.47125960076478,40.89703831497515,-94.01419649045263,41.157587329210266
Buena Vista,/Users/kunsel03/Desktop/Thesis/data/extracted/Buena Vista/BuenaVistaPrecincts.shp,9,9,EPSG:4326,-95.38826103609912,42.560316519899935,-94.91383593419216,42.910146546560824
Audubon,/Users/kunsel03/Desktop/Thesis/data/extracted/Audubon/AUDCO_Oct_15.shp,2,2,EPSG:4326,-95.09336185372284,41.50413136939951,-94.70060771729439,41.86338140077579
Pocahontas,/Users/kunsel03/Desktop/Thesis/data/extracted/Pocahontas/County_Pocahontas_Precinct_Map.shp,7,7,EPSG:4326,-94.91558091026997,42.55876454548522,-94.4425488058868,42.909707573130895
Worth,/Users/kunsel03/Desktop/Thesis/data/extracted/Worth/Worth_County_-_Approved_Precincts.shp,7,7,EPSG:4326,-93.49782861053224,43.25503174098906,-93.02391547362927,43.49974078892572
Buchanan,/Users/kunsel03/Desktop/Thesis/data/extracted/Buchananan/Buchanan_County_Precincts_-_SOS_REVISED.shp,14,14,EPSG:4326,-92.08243710594297,42.29641569075173,-91.5969879422514,42.64398074600782
Muscatine,/Users/kunsel03/Desktop/Thesis/data/extracted/Muscatine/Muscatine_County_Precincts_2020.shp,25,25,EPSG:4326,-91.36933877399309,41.333606564164434,-90.78367063430784,41.59838059067895
Carroll,/Users/kunsel03/Desktop/Thesis/data/extracted/Carroll/County_Carroll_Voting_Precincts.shp,13,13,EPSG:4326,-95.09309186681551,41.862316423490924,-94.62873173797291,42.210422455723915
Wapello,/Users/kunsel03/Desktop/Thesis/data/extracted/Wapello/WapCoPrecincts.shp,13,13,EPSG:4326,-92.64036811204855,40.89887440035201,-92.17898996499359,41.16267046984579
Keokuk,/Users/kunsel03/Desktop/Thesis/data/extracted/Keokuk/Keokuk_County_Precincts.shp,11,11,EPSG:4326,-92.41210308454733,41.16192745616762,-91.94464792405216,41.51080253903992
Warren,/Users/kunsel03/Desktop/Thesis/data/extracted/Warren/Warren_Co_Precincts_-_SOS_REVISED.shp,37,37,EPSG:4326,-93.79083545555422,41.16050839543104,-93.32789330254248,41.512101437281316
Monona,/Users/kunsel03/Desktop/Thesis/data/extracted/Monona/Monona_Precincts_SOS.shp,10,10,EPSG:4326,-96.35987824777547,41.863154362920135,-95.67057906053164,42.21500937059853
Johnson,/Users/kunsel03/Desktop/Thesis/data/extracted/Johnson/Johnson_County_Precincts_-_SOS_REVISED.shp,65,65,EPSG:4326,-91.83419194240216,41.42318556153367,-91.36590381833756,41.86204261298995
Lucas,/Users/kunsel03/Desktop/Thesis/data/extracted/Lucas/Reprecincting_2020_census.shp,7,7,EPSG:4326,-93.55759336591451,40.89758835008744,-93.09760221112832,41.16131838701069
Harrison,/Users/kunsel03/Desktop/Thesis/data/extracted/Harrison/Harrison_County_-_Precincts_Approved.shp,11,11,EPSG:4326,-96.1390201472912,41.50597531236937,-95.49780094397767,41.86631533253554
Cedar,/Users/kunsel03/Desktop/Thesis/data/extracted/Cedar/Cedar_County_Final_Precincts_2.shp,12,12,EPSG:4326,-91.3665488029311,41.59714061826274,-90.89807870208112,41.947417648122425
Taylor,/Users/kunsel03/Desktop/Thesis/data/extracted/Taylor/Taylor_Co_Precinct_Plan_-_SOS_Adjusted_-_Final.shp,5,5,EPSG:4326,-94.92894569560247,40.57071323259963,-94.47078658758475,40.90079226475384
Clinton,/Users/kunsel03/Desktop/Thesis/data/extracted/Clinton/CC_Redistricting_Corrections.shp,24,24,EPSG:4326,-90.8989477021283,41.72769867197309,-90.1400674937468,42.03360372408384
Crawford,/Users/kunsel03/Desktop/Thesis/data/extracted/Crawford/County_Crawford_Precinct_Map.shp,8,8,EPSG:4326,-95.67277902151561,41.86315336269089,-95.09085890481425,42.211415416291445
Grundy,/Users/kunsel03/Desktop/Thesis/data/extracted/Grundy/County_Grundy_Precincts.shp,7,7,EPSG:4326,-93.02712236542139,42.209274589098854,-92.53351720694468,42.556817642442425
Jasper,/Users/kunsel03/Desktop/Thesis/data/extracted/Jasper/JasperCountyPrecincts.shp,20,20,EPSG:6465,-93.34868102532339,41.50782395293014,-92.75650802535117,41.863104952687856
Bremer,/Users/kunsel03/Desktop/Thesis/data/extracted/Bremer/County_Bremer_Precincts.shp,14,14,EPSG:4326,-92.55480626009148,42.64195971314374,-92.0814081441307,42.907278730900536
Palo Alto,/Users/kunsel03/Desktop/Thesis/data/extracted/Palo Alto/Palo_Alto_Revised_Precinct_Plan_-_SOS.shp,8,8,EPSG:4326,-94.9139309423364,42.90801460404623,-94.44257483126962,43.25551864705662
Story,/Users/kunsel03/Desktop/Thesis/data/extracted/Story/Story_County_Final_Aug_2022.shp,45,45,EPSG:4326,-93.69877450246382,41.862579517879844,-93.23145035679926,42.209404548707184
Polk,/Users/kunsel03/Desktop/Thesis/data/extracted/Polk/PolkCo2022-03-07.shp,5,5,EPSG:4326,-93.815792,41.481777,-93.328414,41.863476
Pottawattamie,/Users/kunsel03/Desktop/Thesis/data/extracted/Pottawattamie/Pottawattamie_Final.shp,40,40,EPSG:4326,-96.01955107147587,41.1592432858823,-95.15462182689875,41.50696728641873
Adair,/Users/kunsel03/Desktop/Thesis/data/extracted/Adair/Adair_County_Final_Precinct_Plan.shp,5,5,EPSG:4326,-94.70073070863117,41.15714134300531,-94.24129558076335,41.50416036945686
Jackson,/Users/kunsel03/Desktop/Thesis/data/extracted/Jackson/Jackson_Co_Supervisor_Districts_-_SOS_REVISED.shp,3,3,EPSG:4326,-90.8986607254851,42.03271670632817,-90.1542275009951,42.3823157640674
