DISTRICT,population,pop_dev,pop_score,area,perimeter,pp,compactness_score,Fairness,grade
1,140255,0.1809236272820476,0.0,6849555433.7908535,643232.2075507558,0.2080351329488948,0.4160702658977896,0.16642810635911587,F
2,198612,0.15987591556991165,0.0,1391155619.6153295,208442.9502617092,0.40235662402146904,0.8047132480429381,0.32188529921717524,F
3,137864,0.19488684860869282,0.0,1742631068.1959937,293580.53252485424,0.2540743415286229,0.5081486830572458,0.20325947322289833,F
4,156368,0.08682518092644984,0.1317481907355017,2788073940.6151323,297456.90278285305,0.3959734322442618,0.7919468644885236,0.39582766023671045,F
5,116222,0.3212741492993058,0.0,3381824087.912143,375234.8585283435,0.30182452370121804,0.6036490474024361,0.24145961896097445,F
6,212744,0.2424055031015512,0.0,1165312740.6645167,173183.91845597548,0.4882443600512396,0.9764887201024792,0.3905954880409917,F
7,162142,0.05310554899836558,0.4689445100163442,1563799651.731862,229658.74307331743,0.37258469319107523,0.7451693863821505,0.5794344605626667,C
8,139163,0.18730080741115535,0.0,684361360.4474033,155166.20600811593,0.35719145635077204,0.7143829127015441,0.28575316508061765,F
9,150136,0.12321949096729172,0.0,1013506639.6779071,233039.3072749908,0.23451903630899595,0.4690380726179919,0.18761522904719677,F
10,135824,0.20680026203669627,0.0,780773227.5951885,160964.8194212763,0.3786804144208188,0.7573608288416376,0.30294433153665506,F
11,195859,0.14379864735065015,0.0,74073978.53365324,48692.616027961274,0.3925991181701676,0.7851982363403353,0.31407929453613415,F
12,192792,0.12588764784884302,0.0,2958467689.2992435,357439.20774654223,0.29098614893327185,0.5819722978665437,0.23278891914661748,F
13,106427,0.37847605347935176,0.0,3705912192.665939,342501.3270815705,0.3969908269316814,0.7939816538633628,0.31759266154534516,F
14,200538,0.17112357942399725,0.0,990551940.9744494,214928.72751099523,0.269462405505133,0.538924811010266,0.2155699244041064,F
15,173612,0.013878201991438093,0.8612179800856191,790622329.0254133,166748.9375669031,0.3573162674530132,0.7146325349060264,0.802583802013782,B
16,187801,0.09674066431003654,0.03259335689963461,2982745088.917446,311925.83747460146,0.3852328412339453,0.7704656824678906,0.32774228712693704,F
17,143652,0.16108545796100462,0.0,1759427383.9597695,313902.63326430414,0.22438369389813193,0.44876738779626385,0.17950695511850556,F
18,139796,0.1836041453033484,0.0,103512334.62488912,65165.826272283535,0.30631069117264553,0.6126213823452911,0.24504855293811645,F
19,137073,0.19950621626631573,0.0,1279427219.492222,250989.15489301068,0.25522048962342136,0.5104409792468427,0.2041763916987371,F
20,175274,0.023584129990135014,0.7641587000986498,427678167.7806852,151324.75638906469,0.2346966972165817,0.4693933944331634,0.6462525778324553,C
21,168878,0.01376792505178166,0.8623207494821834,193808582.48624852,87868.59839553083,0.31543906098272845,0.6308781219654569,0.7697436984754927,B
22,144050,0.15876117436083534,0.0,4754214391.706514,406418.73523069615,0.3616939016716532,0.7233878033433064,0.2893551213373226,F
23,169445,0.01045669690782188,0.8954330309217812,4415608843.144338,392582.06905481813,0.36003070367554973,0.7200614073510995,0.8252843814935085,B
24,141532,0.17346606407245918,0.0,1015438090.4026544,146087.88328911943,0.59790876687977,1.0,0.4,D
25,141045,0.17631009953296786,0.0,1356825151.5184891,194717.5054818695,0.44970089836593574,0.8994017967318715,0.3597607186927486,F
26,200265,0.16952928439172033,0.0,522155723.9506991,128071.90249655327,0.4000388639140829,0.8000777278281658,0.3200310911312663,F
27,115862,0.32337651637483583,0.0,4468049885.098389,397808.51205389254,0.35479683256841493,0.7095936651368299,0.283837466054732,F
28,198728,0.16055334496091578,0.0,1343732891.286567,184224.912102566,0.49753781642016137,0.9950756328403227,0.3980302531361291,F
29,172482,0.007279105337691088,0.9272089466230892,116913270.78745313,50475.58144615294,0.5766482969445706,1.0,0.9563253679738535,A
30,164509,0.0392824854767557,0.607175145232443,99445627.36769977,66831.1108688627,0.27979387035405856,0.5595877407081171,0.5881401834227127,C
31,217920,0.27263286972083833,0.0,211306318.43027997,74331.6996989771,0.4805894358851487,0.9611788717702974,0.38447154870811895,F
32,153586,0.10307180649346237,0.0,1805382147.8910658,226515.38563867373,0.44216421924636296,0.8843284384927259,0.3537313753970904,F
33,213541,0.24705991021043294,0.0,196674377.3777007,93496.08654280737,0.282729276570071,0.565458553140142,0.22618342125605684,F
34,181611,0.06059163042800649,0.39408369571993507,70636465.55582389,53009.518697259344,0.3158865263977304,0.6317730527954608,0.4891594385501454,D
35,257605,0.5043896402553073,0.0,427005370.97273034,161177.80975534348,0.20655356831918095,0.4131071366383619,0.16524285465534477,F
36,172603,0.0079857342714109,0.9201426572858911,161557421.7309618,77002.14530074563,0.34239792801991964,0.6847958560398393,0.8260039367874703,B
37,205566,0.20048663957889987,0.0,297037219.0915895,102578.15612665885,0.3547406503421243,0.7094813006842486,0.28379252027369944,F
38,206151,0.20390298607663615,0.0,80536525.23308335,57850.887913706625,0.3024006316002729,0.6048012632005458,0.24192050528021836,F
39,182750,0.06724328625864175,0.32756713741358257,313103875.5750747,124475.62777327879,0.2539391472384224,0.5078782944768448,0.3996916002388875,F
40,158473,0.07453217344314236,0.2546782655685764,107257264.92668717,60491.27708964649,0.3683418588072142,0.7366837176144284,0.44748044638691725,D
41,181354,0.059090773932419786,0.4090922606758022,121023072.60051316,67966.72418542317,0.3292193564870596,0.6584387129741192,0.5088308415951289,D
42,205150,0.19805723762495406,0.0,269332449.96220136,110662.27645470641,0.2763753756035967,0.5527507512071934,0.22110030048287738,F
43,196174,0.14563821854173892,0.0,1195527802.0374215,223205.32178977577,0.30155077845871736,0.6031015569174347,0.2412406227669739,F
44,165656,0.03258411037777533,0.6741588962222467,108620525.88537244,60518.94089562455,0.37268260880261417,0.7453652176052283,0.7026414247754393,B
45,153227,0.10516833366044925,0.0,131968798.84316851,67267.50187207559,0.36649708848191204,0.7329941769638241,0.29319767078552966,F
46,155193,0.09368707346463809,0.06312926535361918,3463464260.0023394,446813.2911469256,0.21800598051685882,0.43601196103371764,0.21228234362565856,F
47,110949,0.3520679870472775,0.0,1468528196.8183203,205417.28777739292,0.4373389644639189,0.8746779289278378,0.3498711715711351,F
48,182499,0.06577746921431388,0.3422253078568612,1844853061.0973225,229138.65940188945,0.441544937167357,0.883089874334714,0.5585711344480023,C
49,176667,0.03171912259072756,0.6828087740927244,81962385.72647274,59637.995295245,0.28958654694482955,0.5791730938896591,0.6413545020114984,C
50,228860,0.33652146918277837,0.0,2003447799.929437,262679.88105720095,0.36486673751320137,0.7297334750264027,0.2918933900105611,F
51,195539,0.1419298766168457,0.0,1271650357.6025143,237560.57869074494,0.28315799773109895,0.5663159954621979,0.22652639818487919,F
52,131412,0.2325659385290253,0.0,1609147442.0026205,306813.4599878396,0.21481118288002735,0.4296223657600547,0.1718489463040219,F
53,198551,0.15951968114878018,0.0,586671515.9639232,165347.20945280968,0.2696566453342263,0.5393132906684526,0.21572531626738103,F
54,246407,0.4389943443892374,0.0,1976555659.9010377,256873.74972436376,0.37642586914818765,0.7528517382963753,0.30114069531855014,F
55,160795,0.06097190580597373,0.39028094194026275,2360865955.504978,253640.79504708684,0.46115081648209,0.92230163296418,0.6030892183498296,C
56,131626,0.23131619810079354,0.0,145369651.49766466,57129.80710908761,0.5597035968577918,1.0,0.4,D
57,154689,0.09663038737038011,0.03369612629619889,127694689.51781534,71035.593077344,0.31800260601615143,0.6360052120323029,0.27461976059064047,F
58,138836,0.1892104575047618,0.0,141985552.10625562,78655.58842582576,0.2883997302146999,0.5767994604293998,0.23071978417175992,F
59,259925,0.5179382280753897,0.0,835826066.4642076,225155.5296631158,0.2071860641613097,0.4143721283226194,0.16574885132904776,F
60,165918,0.03105405433947293,0.6894594566052707,114760455.12409739,70491.62596516301,0.2902198208230809,0.5804396416461618,0.6458515306216273,C
61,164224,0.0409468594115503,0.590531405884497,69931833.12124693,57736.37897687719,0.2636244523894962,0.5272489047789924,0.5652184054422952,C
62,210231,0.22772981293264302,0.0,413070473.6360158,119841.6297218236,0.3614253447479603,0.7228506894959206,0.28914027579836826,F
63,149112,0.129199557315466,0.0,506398136.69512165,119796.1217176639,0.44342119312631745,0.8868423862526349,0.35473695450105397,F
64,143153,0.16399957232403095,0.0,618278473.9577069,129122.54028846213,0.4660042390023053,0.9320084780046106,0.37280339120184425,F
65,136453,0.20312695956306187,0.0,1483441524.9069736,155928.25378770498,0.7667091833403215,1.0,0.4,D
66,198712,0.16045990642422556,0.0,94976278.33993673,68738.11401293974,0.2525979301381769,0.5051958602763538,0.2020783441105415,F
67,144499,0.15613905542496595,0.0,2347399560.6392384,246020.55087563104,0.48736474474839014,0.9747294894967803,0.38989179579871214,F
68,153652,0.1026863725296152,0.0,321312731.26078,104531.2601876103,0.36952636131839933,0.7390527226367987,0.29562108905471945,F
69,168281,0.01725435045203561,0.827456495479644,365573262.1836187,94867.5933232475,0.5104444919232947,1.0,0.8964738972877864,A
70,168723,0.014673110875968197,0.853268891240318,619355046.5300465,120599.34295103242,0.5351304467109799,1.0,0.9119613347441908,A
71,163171,0.04709628310747561,0.529037168925244,118552087.86701693,61133.83644716308,0.3986169569760364,0.7972339139520728,0.6363158669359755,C
72,176087,0.028331975635706975,0.7166802436429303,102131801.42748803,71181.88180110457,0.25329809647092044,0.5065961929418409,0.6326466233624946,C
73,194801,0.13762002411200916,0.0,379251860.36970866,143948.01528139974,0.2299991448203809,0.4599982896407618,0.18399931585630472,F
74,189118,0.10443182386135054,0.0,340961698.6457786,119087.4321711913,0.3021228676977648,0.6042457353955296,0.24169829415821187,F
75,187051,0.09236073290268235,0.07639267097317659,310952124.78584695,110909.99962112763,0.31765960034494944,0.6353192006898989,0.2999632828598655,F
76,142407,0.1683561440972126,0.0,678933226.9406472,130977.71815999282,0.4973270568175871,0.9946541136351742,0.3978616454540697,F
77,227278,0.3272827338675326,0.0,1925756612.4000823,285932.5927111661,0.2959947016742652,0.5919894033485305,0.2367957613394122,F
78,201021,0.17394425525033336,0.0,2146864368.560707,363889.7329112191,0.20373932720527602,0.40747865441055203,0.16299146176422083,F
79,162045,0.05367202012705005,0.46327979872949954,10330719618.20635,708753.2701265127,0.25843437949751313,0.5168687589950263,0.48471538283571025,D
80,182792,0.06748856241745359,0.3251143758254642,779412859.1405928,176039.79427627817,0.31604995004028313,0.6320999000805663,0.447908585527505,D
81,162731,0.04966584286645674,0.5033415713354326,690920605.4442445,164952.9380982955,0.3190934561682678,0.6381869123365356,0.5572797077358738,C
82,279197,0.6304849455187633,0.0,447109120.90442824,161099.2451039764,0.2164892733641225,0.432978546728245,0.173191418691298,F
83,164401,0.039913195599414704,0.6008680440058529,433710603.74286944,114274.93312643614,0.4173572409378898,0.8347144818757796,0.6944066191538236,C
84,182239,0.06425909299309775,0.35740907006902256,1143637072.2268317,167415.96394905276,0.512748446804345,1.0,0.6144454420414136,C
85,131439,0.23240826099836054,0.0,2980121882.8442917,353423.16343733994,0.29981535455770786,0.5996307091154157,0.2398522836461663,F
86,161274,0.05817458961381018,0.4182541038618982,1331866892.6995296,195825.3943141892,0.4364481611347611,0.8728963222695222,0.6001109912249478,C
87,138199,0.19293047924674128,0.0,1301319026.52258,187402.47121257524,0.4656322119153675,0.931264423830735,0.37250576953229403,F
88,164756,0.03784002806660038,0.6215997193339962,68145137.48590347,45863.84383805707,0.4071025624793615,0.814205124958723,0.6986418815838868,C
89,200635,0.17169005055268174,0.0,916129014.0566925,198455.63168522643,0.29230728983690063,0.5846145796738013,0.23384583186952052,F
90,138313,0.19226472967282343,0.0,1932060000.701801,247290.8738916424,0.39702174591198497,0.7940434918239699,0.317617396729588,F
91,173056,0.01063121284145284,0.8936878715854716,1376765714.940511,189729.2920688713,0.48061921958773973,0.9612384391754795,0.9207080986214748,A
92,144570,0.15572442191840308,0.0,186303421.26668966,80338.82715375362,0.36272686284981803,0.7254537256996361,0.29018149027985446,F
93,114291,0.3325510126961071,0.0,2463394098.567294,322051.66279751045,0.2984644906679481,0.5969289813358962,0.2387715925343585,F
94,169381,0.010830451054582772,0.8916954894541723,2099553281.9730937,277007.27750253695,0.34383842330499315,0.6876768466099863,0.8100880323164978,B
95,175788,0.026585842981308432,0.7341415701869156,257526413.89622223,73576.6237380125,0.5977945260434706,1.0,0.8404849421121494,B
96,139339,0.18627298350756288,0.0,307443278.0029728,104864.77217519724,0.35133031954495125,0.7026606390899025,0.281064255635961,F
97,194125,0.13367224593684723,0.0,789590090.2770499,138130.20211265463,0.5200370171405266,1.0,0.4,D
98,158959,0.07169397789117683,0.2830602210882317,173111205.21596944,60802.422692276436,0.5884279259776095,1.0,0.5698361326529391,C
99,161959,0.05417425226176,0.45825747738239997,74265293.41734987,43277.746238341686,0.4982720116112486,0.9965440232224972,0.6735720957184389,C
100,163433,0.0455662270691732,0.5443377293082681,73884155.08889255,68081.08807794937,0.2003125682416117,0.4006251364832234,0.4868526921782502,D
101,198694,0.16035478807044906,0.0,179467467.48481172,96414.91657000734,0.24260912911418273,0.48521825822836545,0.19408730329134619,F
102,194233,0.13430295605950623,0.0,53316455.01018909,47447.60912001286,0.2976065347872135,0.595213069574427,0.23808522782977082,F
103,173342,0.012301426684790579,0.8769857331520943,84089396.94529489,63994.43287271228,0.2580279266277714,0.5160558532555428,0.7326137811934736,B
104,171882,0.0037751602118077225,0.9622483978819227,70705745.76641239,55184.31165011654,0.2917650800030361,0.5835301600060722,0.8107611027315825,B
105,206384,0.2052636847671875,0.0,157246123.08900163,111506.40946213741,0.15892424153810142,0.31784848307620284,0.12713939323048115,F
106,236989,0.38399408572995486,0.0,104381415.39060101,58996.601064150804,0.37685914830912887,0.7537182966182577,0.3014873186473031,F
107,194760,0.13738058786174046,0.0,97210984.09592712,65193.602951693065,0.28741884334570905,0.5748376866914181,0.22993507467656726,F
108,182230,0.0642065338162095,0.357934661837905,371846164.48448735,105118.48518248725,0.42287789362763306,0.8457557872552661,0.5530631120048495,C
109,157587,0.07970633241236347,0.20293667587636532,229827536.18331397,78107.07589490418,0.4734031753239594,0.9468063506479188,0.5004845457849868,D
110,185844,0.08531196329111364,0.14688036708886365,958100889.5583214,204587.0282111672,0.28765035846936227,0.5753007169387245,0.318248507028808,F
111,171583,0.002029027557409179,0.9797097244259082,1264005969.9089663,253299.19066224204,0.247566219565033,0.495132439130066,0.7858788103075713,B
112,179154,0.04624297513751411,0.5375702486248589,92212873.92349333,47023.158909392034,0.5240561478482237,1.0,0.7225421491749153,B
113,166259,0.029062645526262552,0.7093735447373746,1941177728.8291621,316020.598056983,0.24425551748201285,0.4885110349640257,0.621028540828035,C
114,173011,0.010368416957011588,0.8963158304298842,654885833.874306,210784.52025820018,0.18522433010578893,0.37044866021157785,0.6859689623425616,C
115,166893,0.02536014350991246,0.7463985649008754,911036519.2365717,230754.76226528213,0.2150028935996303,0.4300057871992606,0.6198414538202295,C
116,158989,0.07151878063488266,0.2848121936511734,143339529.54209003,79766.60418157307,0.28309593371872355,0.5661918674374471,0.39736406316568285,F
117,147462,0.13883540641164527,0.0,647947335.7962657,173187.5430239409,0.27146651677883893,0.5429330335576779,0.21717321342307117,F
118,154297,0.09891963151929058,0.01080368480709426,2605491025.7020326,363609.86837182945,0.24764417820087875,0.4952883564017575,0.20459755344495956,F
119,138940,0.18860310701627533,0.0,3665977081.042535,457352.37058866146,0.22024078205817665,0.4404815641163533,0.17619262564654134,F
120,100655,0.41218400559034973,0.0,3907677284.3093824,364692.2322731214,0.3692117620048707,0.7384235240097414,0.29536940960389657,F
