nc_house_abbrv,dem_reg,rep_reg,unaff_reg,other_reg,total_reg,dem_share_2p_reg,rep_share_2p_reg,unaff_share_all,other_share_all
,52,61,119,1,233,0.46017699115044247,0.5398230088495575,0.5107296137339056,0.004291845493562232
001,13754,21759,23521,352,59386,0.38729479345591755,0.6127052065440824,0.39606978075640725,0.005927322938066211
002,22026,13125,21125,263,56539,0.6266109072288129,0.37338909277118715,0.37363589734519537,0.004651656378782787
003,13993,22998,20741,398,58130,0.37828120353599526,0.6217187964640047,0.35680371580939274,0.0068467228625494585
004,13402,15551,14545,176,43674,0.46288812903671467,0.5371118709632853,0.3330356733983606,0.004029857581169575
005,18566,13907,19456,283,52212,0.5717365195701044,0.4282634804298956,0.3726346433770015,0.005420209913429863
006,12830,18557,18547,439,50373,0.4087679612578456,0.5912320387421544,0.368193278145038,0.008714986202926172
007,18613,18458,21180,348,58599,0.5020905829354482,0.49790941706455183,0.36143961501049504,0.005938667895356576
008,20338,9333,18132,286,48089,0.6854504398233966,0.3145495601766034,0.3770508848177338,0.005947306036723575
009,18008,18751,20873,314,57946,0.4898936314916075,0.5101063685083925,0.3602146826355572,0.005418838228695682
010,15533,18106,14288,268,48195,0.461755700228901,0.538244299771099,0.29646228861915136,0.005560742815644776
011,17791,10687,26930,344,55752,0.6247278601025353,0.3752721398974647,0.4830319988520591,0.006170182235614866
012,18139,14492,15446,169,48246,0.555882443075603,0.44411755692439703,0.3201508933383078,0.003502881067860548
013,9393,27681,22305,357,59736,0.2533581485677294,0.7466418514322706,0.37339292888710324,0.005976295701084773
014,6104,14312,16006,403,36825,0.29898119122257055,0.7010188087774295,0.4346503733876443,0.010943652410047522
015,8992,20268,21932,524,51716,0.30731373889268626,0.6926862611073138,0.4240853894346044,0.010132260809033955
016,10618,28457,24811,556,64442,0.27173384516954574,0.7282661548304542,0.38501287979888893,0.008627913472579995
017,16778,34337,32864,413,84392,0.3282402425902377,0.6717597574097623,0.38942079817992226,0.004893828798938288
018,19373,13336,25676,483,58868,0.5922834693815158,0.40771653061848423,0.4361622613304342,0.008204797173336957
019,14651,32119,31883,406,79059,0.31325636091511655,0.6867436390848835,0.40328109386660593,0.005135405203708623
020,15254,23464,28178,459,67355,0.3939769616199184,0.6060230383800816,0.4183505307698018,0.006814638853834163
021,15779,10793,31588,338,58498,0.5938205629986452,0.40617943700135484,0.5399842729665971,0.0057779753153953985
022,16565,19970,16086,208,52829,0.45340084850143697,0.546599151498563,0.304491851066649,0.003937231444850366
023,28023,11159,15640,188,55010,0.715200857536624,0.28479914246337606,0.28431194328303944,0.003417560443555717
024,19636,13997,15422,213,49268,0.5838313561085838,0.41616864389141617,0.3130226516197126,0.004323293009661443
025,21150,17093,19911,218,58372,0.5530423868420364,0.44695761315796356,0.34110532447063663,0.0037346673062427192
026,17038,22987,26439,500,66964,0.425683947532792,0.574316052467208,0.39482408458276086,0.007466698524580371
027,27370,7757,15195,130,50452,0.7791727161442765,0.2208272838557235,0.3011773566954729,0.002576706572583842
028,12239,22595,17692,357,52883,0.3513521272320147,0.6486478727679853,0.3345498553410359,0.006750751659323412
029,31161,4725,24340,258,60484,0.8683330546731316,0.13166694532686843,0.4024204748363204,0.004265590900072747
030,29572,3793,22428,205,55998,0.8863179979019931,0.1136820020980069,0.40051430408228866,0.0036608450301796494
031,29389,5712,24556,327,59984,0.8372695934588759,0.1627304065411242,0.40937583355561485,0.005451453720992264
032,20520,13029,16725,224,50498,0.6116426719127247,0.38835732808727536,0.33120123569250265,0.004435819240365955
033,24767,8411,22088,352,55618,0.7464886370486467,0.2535113629513533,0.3971376173181344,0.0063288863317630985
034,19872,11819,24181,357,56229,0.6270549998422265,0.3729450001577735,0.43004499457575274,0.006349036973803553
035,16544,20869,29028,430,66871,0.44219923555983215,0.5578007644401679,0.43408951563458004,0.00643029115760195
036,15275,15949,29192,411,60827,0.4892070202408404,0.5107929797591596,0.4799184572640439,0.0067568678382954935
037,17134,21709,30833,545,70221,0.4411090801431403,0.5588909198568597,0.4390851739508124,0.007761211033736347
038,23573,4182,20275,294,48324,0.8493244460457575,0.15067555395424248,0.41956377783296084,0.00608393344921778
039,24160,12282,23882,383,60707,0.6629712968552769,0.3370287031447231,0.3933977959708106,0.006308992373202431
040,18805,12993,27386,378,59562,0.5913893955594691,0.4086106044405309,0.45978979886504817,0.006346328195829556
041,15884,8519,27496,266,52165,0.6509035774290046,0.3490964225709954,0.5270967123550273,0.005099204447426436
042,16174,5220,13049,312,34755,0.7560063569225016,0.24399364307749835,0.37545676881024315,0.008977125593439793
043,16544,17703,18853,383,53483,0.4830788098227582,0.5169211901772418,0.35250453415103866,0.007161154011555073
044,17693,9491,16948,347,44479,0.6508608004708653,0.3491391995291348,0.3810337462622811,0.0078014343847658445
045,16934,10488,17432,320,45174,0.6175333673692656,0.38246663263073444,0.3858856864568114,0.007083720724310444
046,15512,15418,18696,165,49791,0.5015195602974458,0.4984804397025542,0.37548954630354886,0.003313851900945954
047,17961,9118,17358,120,44557,0.6632815096569297,0.3367184903430703,0.38956841798146197,0.002693179522858361
048,17969,11149,18915,288,48321,0.6171096915996978,0.3828903084003022,0.39144471347861176,0.005960141553361892
049,16564,7599,22111,308,46582,0.6855109051028432,0.3144890948971568,0.47466832682151905,0.006611996049976386
050,22432,12754,22940,262,58388,0.6375262888648895,0.36247371113511057,0.39288894978420225,0.004487223402068918
051,12173,17809,18270,350,48602,0.4060102728303649,0.5939897271696352,0.37591045635982057,0.0072013497386938805
052,14721,18106,19517,339,52683,0.44844183141925853,0.5515581685807415,0.3704610595448247,0.006434713285120438
053,13054,22280,20738,411,56483,0.3694458595120847,0.6305541404879154,0.367154719119027,0.007276525680293185
054,19884,15956,26297,303,62440,0.5547991071428572,0.44520089285714287,0.42115631005765536,0.0048526585522101215
055,14271,17835,15228,217,47551,0.4444963558213418,0.5555036441786582,0.3202456310067086,0.004563521271897542
056,25357,3075,23102,195,51729,0.8918472144063028,0.10815278559369725,0.44659668657812834,0.003769645653308589
057,24081,11076,20654,319,56130,0.6849560542708423,0.3150439457291578,0.367967218955995,0.005683235346517014
058,25077,6553,15435,195,47260,0.7928232690483717,0.2071767309516282,0.32659754549301734,0.004126110876005078
059,19362,23017,21721,316,64416,0.4568772269284315,0.5431227730715684,0.33719883258817684,0.0049056135121708895
060,19869,10659,16597,285,47410,0.6508451257861635,0.34915487421383645,0.3500738240877452,0.00601139000210926
061,23770,6760,20972,293,51795,0.7785784474287586,0.2214215525712414,0.4049039482575538,0.00565691669080027
062,16401,22143,25026,379,63949,0.425513698630137,0.574486301369863,0.39134310153403495,0.005926597757588078
063,15182,17229,17871,267,50549,0.4684212150195921,0.5315787849804079,0.35353815110091197,0.005282003600466874
064,15795,17545,19489,264,53093,0.47375524895021,0.5262447510497901,0.367072872130036,0.004972406908632023
065,13288,23782,18189,284,55543,0.3584569732937685,0.6415430267062314,0.32747600957816464,0.005113155573159534
066,20706,11625,24495,338,57164,0.6404379697503944,0.35956203024960565,0.42850395353719123,0.005912812259463998
067,10497,27083,18850,275,56705,0.27932410856838746,0.7206758914316126,0.3324221849925051,0.004849660523763337
068,11735,25414,27528,418,65095,0.31589006433551375,0.6841099356644863,0.42288962285889853,0.006421384130885628
069,12713,25154,23483,396,61746,0.33572767845353474,0.6642723215464652,0.3803161338386292,0.006413370906617433
070,7442,27841,17182,289,52754,0.21092310744551201,0.789076892554488,0.32570042082116996,0.0054782575728854685
071,21282,9124,18734,328,49468,0.6999276458593698,0.30007235414063016,0.37870946874747313,0.006630549041804803
072,21961,7469,18277,246,47953,0.7462113489636425,0.25378865103635745,0.38114403686943465,0.0051300231476654225
073,14560,17824,20699,382,53465,0.44960474308300397,0.5503952569169961,0.38715047227157956,0.0071448611240998786
074,14373,21717,23382,370,59842,0.39825436408977555,0.6017456359102245,0.39072891948798505,0.006182948430867952
075,14966,19418,19924,341,54649,0.43526058631921827,0.5647394136807817,0.3645812366191513,0.006239821405698183
076,12489,21517,17964,292,52262,0.36725871904957946,0.6327412809504205,0.34372966974092073,0.005587233554016302
077,7256,33260,19577,287,60380,0.17908974232402014,0.8209102576759799,0.32422987744286186,0.004753229546207353
078,7967,31089,20394,284,59734,0.20398914379352726,0.7960108562064727,0.3414136002946396,0.004754411223089028
079,14404,23241,21919,273,59837,0.38262717492362863,0.6173728250763714,0.3663118137607166,0.004562394505072113
080,8060,27362,16773,271,52466,0.2275422054090678,0.7724577945909322,0.3196927534022033,0.005165249876110243
081,9580,26663,18589,299,55131,0.2643269045056977,0.7356730954943024,0.33717871977653224,0.005423445974134335
082,14671,19835,24416,336,59258,0.42517243377963254,0.5748275662203675,0.41202875561105673,0.005670120490060414
083,11787,23740,19627,386,55540,0.33177583246544884,0.6682241675345512,0.35338494778537993,0.006949945984875765
084,11447,24600,19558,292,55897,0.31755763309013235,0.6824423669098677,0.34989355421578977,0.00522389394779684
085,8384,27930,20483,307,57104,0.23087514457234123,0.7691248554276587,0.3586964135612216,0.005376155785934435
086,9603,22698,19678,294,52273,0.2972972972972973,0.7027027027027027,0.37644673158227,0.005624318481816617
087,7924,26438,17329,282,51973,0.23060357371515045,0.7693964262848495,0.33342312354491754,0.005425894214303581
088,18320,8747,20322,366,47755,0.6768389551852809,0.323161044814719,0.42554706313475027,0.007664118940425086
089,8506,30402,22298,346,61552,0.2186182790171687,0.7813817209828313,0.36226280218351964,0.005621263322069144
090,7815,28415,17276,228,53734,0.2157052166712669,0.7842947833287331,0.32150965868909814,0.004243123534447463
091,12050,23842,16614,307,52813,0.33572941045358295,0.664270589546417,0.3145816370969269,0.005812962717512734
092,24222,9253,21990,352,55817,0.7235847647498133,0.2764152352501867,0.3939659960227171,0.006306322446566458
093,12501,21868,25688,377,60434,0.36372894177892867,0.6362710582210713,0.425058741767879,0.00623821027898203
094,7211,28689,17321,211,53432,0.20086350974930361,0.7991364902506963,0.3241690372810301,0.0039489444527623895
095,10069,25221,25897,407,61594,0.2853216208557665,0.7146783791442335,0.4204467967659188,0.00660778647270838
096,9910,22463,20995,309,53677,0.306119296944985,0.693880703055015,0.3911358682489707,0.005756655550794567
097,9659,30962,21471,354,62446,0.2377834125206174,0.7622165874793826,0.34383307177401273,0.005668897927809628
098,14473,19154,26817,388,60832,0.4303981919291046,0.5696018080708954,0.44083705944239876,0.006378221988427144
099,22106,3349,17274,286,43015,0.8684344922412099,0.13156550775879003,0.4015808438916657,0.006648843426711612
100,16962,9710,18822,343,45837,0.6359478104379124,0.36405218956208757,0.410628967864389,0.0074830377206187145
101,22613,8546,19689,339,51187,0.7257293237908791,0.27427067620912093,0.3846484458944654,0.006622775314044582
102,21951,8074,24404,417,54846,0.7310907577019151,0.26890924229808494,0.44495496481056046,0.0076031068810852205
103,14918,13783,24434,357,53492,0.5197728302149751,0.4802271697850249,0.4567785837134525,0.006673895161893368
104,15775,15937,24987,327,57026,0.4974457618567104,0.5025542381432896,0.43816855469434995,0.00573422649317855
105,15100,20817,26443,359,62719,0.42041373165910295,0.5795862683408971,0.42161067619062803,0.005723943302667453
106,27174,7539,22024,329,57066,0.7828191167574108,0.21718088324258925,0.3859390880734588,0.0057652542669891
107,29757,5533,20202,354,55846,0.8432133748937376,0.1567866251062624,0.36174479819503635,0.00633886043763206
108,12012,22285,18640,391,53328,0.3502347144065079,0.6497652855934921,0.3495349534953495,0.007331983198319832
109,14461,21889,20659,401,57410,0.39782668500687757,0.6021733149931224,0.3598502003135342,0.006984845845671486
110,13445,20648,16510,264,50867,0.3943624791012818,0.6056375208987183,0.32457192285764835,0.005190005307959974
111,10458,23554,16817,304,51133,0.3074797130424556,0.6925202869575444,0.3288874112608296,0.005945279956192674
112,24639,5519,17679,336,48173,0.8169971483520128,0.18300285164798727,0.366989807568555,0.00697486143690449
113,11082,25779,24262,324,61447,0.3006429559697241,0.6993570440302759,0.39484433739645547,0.005272836753625075
114,19071,15306,28963,441,63781,0.5547604503010733,0.4452395496989266,0.4541007510073533,0.0069142848183628355
115,16299,17238,25735,397,59669,0.4860005367206369,0.5139994632793631,0.43129598283865994,0.006653371097219662
116,26382,6083,27085,476,60026,0.8126289850608347,0.18737101493916525,0.45122113750708026,0.007929897044614
117,11945,21976,28176,430,62527,0.35214174110433066,0.6478582588956694,0.45062133158475537,0.006877029123418683
118,13752,20175,23829,376,58132,0.40534087894597226,0.5946591210540277,0.40991192458542625,0.006468038257758205
119,13378,18200,25988,372,57938,0.4236493761479511,0.5763506238520489,0.4485484483413304,0.006420656563913148
120,8126,30370,22383,326,61205,0.21108686616791356,0.7889131338320865,0.3657054162241647,0.005326362225308389
